"id","app_user_id","timestamp","start_time","end_time"
121,1,2025-03-02 22:05:15.548,2025-02-11 14:54:32.520,2025-02-12 03:30:55.937
128,2,2025-03-02 22:47:48.100,2025-03-02 18:07:08.099,2025-03-02 22:31:30.001
132,2,2025-03-02 23:06:21.263,2025-03-02 18:07:08.099,2025-03-02 22:51:30.096
133,2,2025-03-02 23:06:22.302,2025-03-02 18:07:08.099,2025-03-02 22:51:30.096
134,2,2025-03-02 23:06:23.293,2025-03-02 18:07:08.099,2025-03-02 23:01:22.009
135,2,2025-03-02 23:14:45.827,2025-03-02 18:07:08.099,2025-03-02 23:07:50.534
136,2,2025-03-02 23:17:36.541,2025-03-02 18:07:08.099,2025-03-02 23:11:30.183
137,2,2025-03-02 23:18:14.992,2025-03-02 18:07:08.099,2025-03-02 23:17:35.994
138,1,2025-03-02 23:31:26.909,2025-02-10 14:54:24.471,2025-02-11 11:39:53.534
139,1,2025-03-02 23:31:27.524,2025-02-10 14:54:24.471,2025-02-11 11:39:53.534
140,1,2025-03-02 23:31:27.904,2025-02-10 14:54:24.471,2025-02-11 11:39:53.534
141,1,2025-03-02 23:31:28.134,2025-02-10 14:54:24.471,2025-02-11 14:05:34.563
142,1,2025-03-02 23:31:28.353,2025-02-10 14:54:24.471,2025-02-11 14:14:30.616
143,1,2025-03-02 23:31:28.575,2025-02-10 14:54:24.471,2025-02-11 14:14:30.616
85,1,2025-03-02 19:59:09.978,2025-03-02 15:24:53.585,2025-03-02 19:39:15.525
86,1,2025-03-02 20:04:00.360,2025-03-02 15:24:53.585,2025-03-02 19:59:15.587
87,1,2025-03-02 20:11:42.069,2025-03-02 15:24:53.585,2025-03-02 19:59:15.587
88,1,2025-03-02 20:36:27.566,2025-03-02 15:24:53.585,2025-03-02 19:59:15.587
89,1,2025-03-02 20:36:28.535,2025-03-02 15:24:53.585,2025-03-02 19:59:15.587
90,1,2025-03-02 21:06:03.224,2025-03-02 15:24:53.585,2025-03-02 19:59:15.587
144,1,2025-03-02 23:31:28.787,2025-02-11 14:54:32.520,2025-02-11 16:56:08.453
145,1,2025-03-02 23:31:29.002,2025-02-11 14:54:32.520,2025-02-11 19:18:17.218
146,1,2025-03-02 23:31:29.232,2025-02-11 14:54:32.520,2025-02-11 21:45:44.361
147,1,2025-03-02 23:31:29.447,2025-02-11 14:54:32.520,2025-02-11 22:46:56.423
148,1,2025-03-02 23:31:29.663,2025-02-11 14:54:32.520,2025-02-11 23:52:56.646
149,1,2025-03-02 23:31:29.876,2025-02-11 14:54:32.520,2025-02-12 00:36:25.476
150,1,2025-03-02 23:31:30.096,2025-02-11 14:54:32.520,2025-02-12 02:09:26.892
151,1,2025-03-02 23:31:30.310,2025-02-11 14:54:32.520,2025-02-12 03:30:55.937
152,2,2025-03-03 00:45:52.213,2025-03-02 18:07:08.099,2025-03-02 23:39:03.985
153,4,2025-03-03 01:21:54.928,2025-03-02 18:41:46.006,2025-03-03 00:52:16.528
154,4,2025-03-03 01:22:22.575,2025-03-02 18:41:46.006,2025-03-03 01:12:16.653
155,4,2025-03-03 01:22:32.474,2025-03-02 18:41:46.006,2025-03-03 01:12:16.653
156,2,2025-03-03 02:46:23.286,2025-03-02 18:07:08.099,2025-03-03 00:44:41.923
157,2,2025-03-03 02:46:23.686,2025-03-02 18:07:08.099,2025-03-03 00:44:41.923
158,2,2025-03-03 02:46:23.851,2025-03-02 18:07:08.099,2025-03-03 00:44:41.923
159,2,2025-03-03 02:46:24.026,2025-03-02 18:07:08.099,2025-03-03 02:46:17.892
160,2,2025-03-03 02:46:24.128,2025-03-02 18:07:08.099,2025-03-03 02:46:17.892
161,2,2025-03-03 02:46:24.408,2025-03-02 18:07:08.099,2025-03-03 02:46:17.892
162,2,2025-03-03 02:46:24.679,2025-03-02 18:07:08.099,2025-03-03 02:46:17.892
163,2,2025-03-03 02:46:25.093,2025-03-02 18:07:08.099,2025-03-03 02:46:17.892
164,3,2025-03-03 03:55:39.082,2025-02-22 15:35:30.506,2025-02-22 15:45:18.458
165,3,2025-03-03 03:55:39.097,2025-02-22 15:35:30.506,2025-02-22 15:45:18.458
166,3,2025-03-03 03:55:39.130,2025-02-22 15:35:30.506,2025-02-22 15:45:18.458
167,3,2025-03-03 03:55:39.152,2025-02-22 15:35:30.506,2025-02-22 15:45:18.458
168,3,2025-03-03 03:55:40.369,2025-02-22 15:35:30.506,2025-02-22 15:45:18.458
169,3,2025-03-03 03:55:40.408,2025-02-22 15:35:30.506,2025-02-22 15:45:18.458
170,3,2025-03-03 03:55:42.175,2025-02-22 15:35:30.506,2025-02-22 15:45:18.458
171,3,2025-03-03 03:55:42.266,2025-02-22 15:35:30.506,2025-02-22 15:45:18.458
172,3,2025-03-03 03:55:42.792,2025-02-22 15:35:30.506,2025-02-22 15:45:18.458
173,3,2025-03-03 03:55:42.905,2025-02-22 15:35:30.506,2025-02-22 15:45:18.458
174,3,2025-03-03 03:55:43.011,2025-02-22 15:35:30.506,2025-02-22 15:45:18.458
175,3,2025-03-03 03:55:43.181,2025-02-22 15:35:30.506,2025-02-22 15:45:18.458
176,3,2025-03-03 03:55:44.713,2025-02-22 15:35:30.506,2025-02-22 15:57:12.155
177,3,2025-03-03 03:55:44.745,2025-02-22 15:35:30.506,2025-02-22 15:57:12.155
178,3,2025-03-03 03:55:44.833,2025-02-22 15:35:30.506,2025-02-22 15:57:12.155
179,3,2025-03-03 03:55:44.833,2025-02-22 15:35:30.506,2025-02-22 15:57:12.155
180,3,2025-03-03 03:55:45.318,2025-02-22 15:35:30.506,2025-02-22 15:57:12.155
181,3,2025-03-03 03:55:45.429,2025-02-22 15:35:30.506,2025-02-22 15:57:12.155
182,3,2025-03-03 03:55:45.982,2025-02-22 15:35:30.506,2025-02-22 15:57:12.547
183,3,2025-03-03 03:55:46.142,2025-02-22 15:35:30.506,2025-02-22 15:57:12.547
184,3,2025-03-03 03:55:46.498,2025-02-22 15:35:30.506,2025-02-22 15:57:12.547
185,3,2025-03-03 03:55:46.583,2025-02-22 15:35:30.506,2025-02-22 15:57:12.547
186,3,2025-03-03 03:55:46.613,2025-02-22 15:35:30.506,2025-02-22 15:57:12.547
187,3,2025-03-03 03:55:47.000,2025-02-22 15:35:30.506,2025-02-22 15:57:12.547
188,3,2025-03-03 03:55:47.550,2025-02-22 15:36:37.762,2025-02-22 16:02:05.676
189,3,2025-03-03 03:55:47.724,2025-02-22 15:36:37.762,2025-02-22 16:02:05.676
190,3,2025-03-03 03:55:47.981,2025-02-22 15:36:37.762,2025-02-22 16:02:05.676
191,3,2025-03-03 03:55:48.106,2025-02-22 15:36:37.762,2025-02-22 16:02:05.676
192,3,2025-03-03 03:55:48.240,2025-02-22 15:36:37.762,2025-02-22 16:02:05.676
193,3,2025-03-03 03:55:48.410,2025-02-22 15:36:37.762,2025-02-22 16:02:05.676
194,3,2025-03-03 03:55:48.936,2025-02-22 15:36:37.762,2025-02-22 16:02:05.676
195,3,2025-03-03 03:55:49.276,2025-02-22 15:36:37.762,2025-02-22 16:02:05.676
196,3,2025-03-03 03:55:49.546,2025-02-22 15:36:37.762,2025-02-22 16:02:05.676
197,3,2025-03-03 03:55:49.577,2025-02-22 15:36:37.762,2025-02-22 16:02:05.676
198,3,2025-03-03 03:55:49.794,2025-02-22 15:36:37.762,2025-02-22 16:02:05.676
199,3,2025-03-03 03:55:50.158,2025-02-22 15:36:37.762,2025-02-22 16:02:05.676
200,3,2025-03-03 03:55:50.898,2025-02-22 15:36:37.762,2025-02-22 16:02:05.676
201,3,2025-03-03 03:55:50.999,2025-02-22 15:36:37.762,2025-02-22 16:02:05.676
202,3,2025-03-03 03:55:52.055,2025-02-22 15:36:37.762,2025-02-22 16:02:05.676
203,3,2025-03-03 03:55:52.085,2025-02-22 15:36:37.762,2025-02-22 16:02:05.676
204,3,2025-03-03 03:55:52.328,2025-02-22 15:36:37.762,2025-02-22 16:02:05.676
205,3,2025-03-03 03:55:52.660,2025-02-22 15:36:37.762,2025-02-22 16:02:05.676
206,3,2025-03-03 03:55:52.722,2025-02-22 15:36:37.762,2025-02-22 16:02:05.676
207,3,2025-03-03 03:55:52.762,2025-02-22 15:36:37.762,2025-02-22 16:02:05.676
208,3,2025-03-03 03:55:53.512,2025-02-22 15:36:37.762,2025-02-22 16:02:05.676
209,3,2025-03-03 03:55:53.645,2025-02-22 15:36:37.762,2025-02-22 16:02:05.676
210,3,2025-03-03 03:55:54.056,2025-02-22 15:36:37.762,2025-02-22 16:02:05.676
211,3,2025-03-03 03:55:54.498,2025-02-22 15:36:37.762,2025-02-22 17:06:03.838
212,3,2025-03-03 03:55:54.677,2025-02-22 15:36:37.762,2025-02-22 17:06:03.838
213,3,2025-03-03 03:55:54.721,2025-02-22 15:36:37.762,2025-02-22 16:02:05.676
214,3,2025-03-03 03:55:57.101,2025-02-22 15:36:37.762,2025-02-22 17:06:03.838
215,3,2025-03-03 03:55:57.103,2025-02-22 15:36:37.762,2025-02-22 17:06:03.838
216,3,2025-03-03 03:55:57.415,2025-02-22 15:36:37.762,2025-02-22 17:06:03.838
217,3,2025-03-03 03:55:58.411,2025-02-22 15:36:37.762,2025-02-22 17:06:03.838
218,3,2025-03-03 03:56:00.064,2025-02-22 15:36:37.762,2025-02-22 16:57:53.920
219,3,2025-03-03 03:56:00.234,2025-02-22 15:36:37.762,2025-02-22 16:57:53.920
220,3,2025-03-03 03:56:02.682,2025-02-22 15:36:37.762,2025-02-22 16:57:53.920
221,3,2025-03-03 03:56:02.782,2025-02-22 15:36:37.762,2025-02-22 16:57:53.920
222,3,2025-03-03 03:56:04.196,2025-02-22 15:36:37.762,2025-02-22 16:57:53.920
223,3,2025-03-03 03:56:04.647,2025-02-22 15:36:37.762,2025-02-22 16:57:53.920
224,3,2025-03-03 03:56:08.035,2025-02-22 15:36:37.762,2025-02-22 16:57:53.920
225,3,2025-03-03 03:56:08.167,2025-02-22 15:36:37.762,2025-02-22 16:57:53.920
226,3,2025-03-03 03:56:10.633,2025-02-22 15:36:37.762,2025-02-22 16:57:53.920
227,3,2025-03-03 03:56:10.651,2025-02-22 15:36:37.762,2025-02-22 16:57:53.920
228,3,2025-03-03 03:56:13.941,2025-02-22 15:36:37.762,2025-02-22 16:57:53.920
229,3,2025-03-03 03:56:14.453,2025-02-22 15:36:37.762,2025-02-22 16:57:53.920
230,3,2025-03-03 03:56:17.662,2025-02-22 15:36:37.762,2025-02-22 17:05:51.616
231,3,2025-03-03 03:56:17.664,2025-02-22 15:36:37.762,2025-02-22 17:05:51.616
232,3,2025-03-03 03:56:22.106,2025-02-22 15:36:37.762,2025-02-22 17:05:51.616
233,3,2025-03-03 03:56:22.182,2025-02-22 15:36:37.762,2025-02-22 17:05:51.616
234,3,2025-03-03 03:56:26.448,2025-02-22 15:36:37.762,2025-02-22 17:05:51.616
235,3,2025-03-03 03:56:26.640,2025-02-22 15:36:37.762,2025-02-22 17:05:51.616
236,3,2025-03-03 03:56:31.448,2025-02-22 15:36:37.762,2025-02-22 16:57:53.920
237,3,2025-03-03 03:56:32.419,2025-02-22 15:36:37.762,2025-02-22 16:57:53.920
238,3,2025-03-03 03:56:36.419,2025-02-22 15:36:37.762,2025-02-22 16:57:53.920
239,3,2025-03-03 03:56:36.895,2025-02-22 15:36:37.762,2025-02-22 16:57:53.920
240,3,2025-03-03 03:56:43.150,2025-02-22 15:36:37.762,2025-02-22 16:57:53.920
241,3,2025-03-03 03:56:43.657,2025-02-22 15:36:37.762,2025-02-22 16:57:53.920
242,3,2025-03-03 03:56:48.211,2025-02-22 15:36:37.762,2025-02-22 16:57:53.920
243,3,2025-03-03 03:56:49.243,2025-02-22 15:36:37.762,2025-02-22 16:57:53.920
244,3,2025-03-03 03:56:55.240,2025-02-22 15:36:37.762,2025-02-22 16:57:53.920
245,3,2025-03-03 03:56:56.302,2025-02-22 15:36:37.762,2025-02-22 16:57:53.920
246,3,2025-03-03 03:57:01.415,2025-02-22 15:36:37.762,2025-02-22 16:57:53.920
253,3,2025-03-03 03:57:24.793,2025-02-22 15:36:37.762,2025-02-22 16:57:53.920
269,3,2025-03-03 03:58:37.662,2025-02-22 15:36:37.762,2025-02-22 16:57:53.920
297,3,2025-03-03 04:08:42.834,2025-03-02 18:15:49.527,2025-03-03 03:44:11.603
247,3,2025-03-03 03:57:02.327,2025-02-22 15:36:37.762,2025-02-22 16:57:53.920
250,3,2025-03-03 03:57:14.721,2025-02-22 15:36:37.762,2025-02-22 16:57:53.920
254,3,2025-03-03 03:57:32.119,2025-02-22 15:36:37.762,2025-02-22 16:57:53.920
255,3,2025-03-03 03:57:32.387,2025-02-22 15:36:37.762,2025-02-22 16:57:53.920
256,3,2025-03-03 03:57:40.037,2025-02-22 15:36:37.762,2025-02-22 16:57:53.920
258,3,2025-03-03 03:57:48.244,2025-02-22 15:36:37.762,2025-02-22 16:57:53.920
261,3,2025-03-03 03:57:58.306,2025-02-22 15:36:37.762,2025-02-22 16:57:53.920
263,3,2025-03-03 03:58:06.909,2025-02-22 15:36:37.762,2025-02-22 16:57:53.920
264,3,2025-03-03 03:58:16.423,2025-02-22 15:36:37.762,2025-02-22 16:57:53.920
267,3,2025-03-03 03:58:27.514,2025-02-22 15:36:37.762,2025-02-22 16:57:53.920
271,3,2025-03-03 03:58:50.882,2025-02-22 15:36:37.762,2025-02-22 16:57:53.920
272,3,2025-03-03 03:59:17.046,2025-03-02 18:15:48.902,2025-03-03 10:54:13.016
273,3,2025-03-03 03:59:36.334,2025-03-02 18:15:48.902,2025-03-03 10:54:13.016
275,3,2025-03-03 03:59:41.567,2025-03-02 18:15:48.902,2025-03-03 10:54:13.016
277,3,2025-03-03 04:00:05.172,2025-03-02 18:15:48.902,2025-03-03 10:54:13.016
283,3,2025-03-03 04:00:50.158,2025-03-02 18:15:48.902,2025-03-03 10:54:13.016
284,3,2025-03-03 04:00:54.421,2025-03-02 18:15:48.902,2025-03-03 10:54:13.016
285,3,2025-03-03 04:01:05.723,2025-03-02 18:15:48.902,2025-03-03 10:54:13.016
286,3,2025-03-03 04:08:31.996,2025-03-02 18:15:48.902,2025-03-03 10:54:13.016
289,3,2025-03-03 04:08:35.758,2025-03-02 18:15:48.902,2025-03-03 10:54:13.016
293,3,2025-03-03 04:08:39.356,2025-03-02 18:15:48.902,2025-03-02 19:55:56.031
294,3,2025-03-03 04:08:40.224,2025-03-02 18:15:48.902,2025-03-03 02:00:03.611
295,3,2025-03-03 04:08:41.099,2025-03-02 18:15:48.902,2025-03-03 02:53:08.538
248,3,2025-03-03 03:57:09.400,2025-02-22 15:36:37.762,2025-02-22 16:57:53.920
249,3,2025-03-03 03:57:09.855,2025-02-22 15:36:37.762,2025-02-22 16:57:53.920
251,3,2025-03-03 03:57:16.051,2025-02-22 15:36:37.762,2025-02-22 16:57:53.920
252,3,2025-03-03 03:57:24.084,2025-02-22 15:36:37.762,2025-02-22 16:57:53.920
257,3,2025-03-03 03:57:40.039,2025-02-22 15:36:37.762,2025-02-22 16:57:53.920
259,3,2025-03-03 03:57:48.245,2025-02-22 15:36:37.762,2025-02-22 16:57:53.920
260,3,2025-03-03 03:57:57.818,2025-02-22 15:36:37.762,2025-02-22 16:57:53.920
262,3,2025-03-03 03:58:06.822,2025-02-22 15:36:37.762,2025-02-22 16:57:53.920
265,3,2025-03-03 03:58:16.424,2025-02-22 15:36:37.762,2025-02-22 16:57:53.920
266,3,2025-03-03 03:58:27.097,2025-02-22 15:36:37.762,2025-02-22 16:57:53.920
268,3,2025-03-03 03:58:36.704,2025-02-22 15:36:37.762,2025-02-22 16:57:53.920
270,3,2025-03-03 03:58:50.875,2025-02-22 15:36:37.762,2025-02-22 16:57:53.920
274,3,2025-03-03 03:59:41.344,2025-03-02 18:15:48.902,2025-03-03 10:54:13.016
276,3,2025-03-03 03:59:52.113,2025-03-02 18:15:48.902,2025-03-03 10:54:13.016
278,3,2025-03-03 04:00:07.232,2025-03-02 18:15:48.902,2025-03-03 10:54:13.016
279,3,2025-03-03 04:00:18.957,2025-03-02 18:15:48.902,2025-03-03 10:54:13.016
280,3,2025-03-03 04:00:22.701,2025-03-02 18:15:48.902,2025-03-03 10:54:13.016
281,3,2025-03-03 04:00:34.411,2025-03-02 18:15:48.902,2025-03-03 10:54:13.016
282,3,2025-03-03 04:00:36.453,2025-03-02 18:15:48.902,2025-03-03 10:54:13.016
287,3,2025-03-03 04:08:33.416,2025-03-02 18:15:48.902,2025-03-03 10:54:13.016
288,3,2025-03-03 04:08:34.892,2025-03-02 18:15:48.902,2025-03-03 10:54:13.016
290,3,2025-03-03 04:08:36.657,2025-03-02 18:15:48.902,2025-03-03 10:54:13.016
291,3,2025-03-03 04:08:37.536,2025-03-02 18:15:48.902,2025-03-03 10:54:13.016
292,3,2025-03-03 04:08:38.519,2025-03-02 18:15:48.902,2025-03-03 10:54:13.016
296,3,2025-03-03 04:08:41.924,2025-03-02 18:15:49.527,2025-03-03 03:24:11.414
298,2,2025-03-03 06:47:31.041,2025-03-02 18:07:08.099,2025-03-03 02:46:23.500
299,2,2025-03-03 06:47:31.045,2025-03-02 18:07:08.099,2025-03-03 02:46:23.500
300,2,2025-03-03 06:47:31.038,2025-03-02 18:07:08.099,2025-03-03 02:46:23.500
301,2,2025-03-03 06:47:31.080,2025-03-02 18:07:08.099,2025-03-03 02:46:23.500
302,2,2025-03-03 06:47:31.122,2025-03-02 18:07:08.099,2025-03-03 02:46:23.500
303,2,2025-03-03 06:47:31.129,2025-03-02 18:07:08.099,2025-03-03 02:46:23.500
304,2,2025-03-03 06:47:31.180,2025-03-02 18:07:08.099,2025-03-03 02:46:23.500
305,2,2025-03-03 06:47:31.592,2025-03-02 18:07:08.099,2025-03-03 02:46:23.500
306,2,2025-03-03 06:47:33.321,2025-03-02 18:07:08.099,2025-03-03 06:09:04.734
307,2,2025-03-03 06:47:33.479,2025-03-02 18:07:08.099,2025-03-03 06:09:04.734
308,2,2025-03-03 06:47:33.530,2025-03-02 18:07:08.099,2025-03-03 06:09:04.734
309,2,2025-03-03 06:47:33.538,2025-03-02 18:07:08.099,2025-03-03 06:09:04.734
310,2,2025-03-03 06:47:33.539,2025-03-02 18:07:08.099,2025-03-03 06:09:04.734
311,2,2025-03-03 06:47:33.566,2025-03-02 18:07:08.099,2025-03-03 06:09:04.734
312,2,2025-03-03 06:47:33.604,2025-03-02 18:07:08.099,2025-03-03 06:09:04.734
313,2,2025-03-03 06:47:33.843,2025-03-02 18:07:08.099,2025-03-03 06:09:04.734
314,2,2025-03-03 06:47:36.045,2025-03-02 18:07:08.099,2025-03-03 06:37:56.734
315,2,2025-03-03 06:47:36.133,2025-03-02 18:07:08.099,2025-03-03 06:37:56.734
316,2,2025-03-03 06:47:36.369,2025-03-02 18:07:08.099,2025-03-03 06:37:56.734
317,2,2025-03-03 06:47:36.622,2025-03-02 18:07:08.099,2025-03-03 06:37:56.734
318,2,2025-03-03 06:47:36.626,2025-03-02 18:07:08.099,2025-03-03 06:37:56.734
319,2,2025-03-03 06:47:37.402,2025-03-02 18:07:08.099,2025-03-03 06:37:56.734
320,2,2025-03-03 06:47:37.873,2025-03-02 18:07:08.099,2025-03-03 06:37:56.734
321,2,2025-03-03 06:47:37.973,2025-03-02 18:07:08.099,2025-03-03 06:37:56.734
322,4,2025-03-03 10:52:57.357,2025-03-02 18:41:46.006,2025-03-03 01:51:59.340
323,4,2025-03-03 10:52:57.368,2025-03-02 18:41:46.006,2025-03-03 01:51:59.340
324,4,2025-03-03 10:52:57.395,2025-03-02 18:41:46.006,2025-03-03 01:51:59.340
325,4,2025-03-03 10:52:57.498,2025-03-02 18:41:46.006,2025-03-03 01:51:59.340
326,4,2025-03-03 10:52:58.074,2025-03-02 18:41:46.006,2025-03-03 01:51:59.340
327,4,2025-03-03 10:52:58.680,2025-03-02 18:41:46.006,2025-03-03 01:32:16.851
328,4,2025-03-03 10:52:58.905,2025-03-02 18:41:46.006,2025-03-03 01:32:16.851
329,4,2025-03-03 10:52:59.037,2025-03-02 18:41:46.006,2025-03-03 01:32:16.851
330,4,2025-03-03 10:52:59.326,2025-03-02 18:41:46.006,2025-03-03 01:32:16.851
331,4,2025-03-03 10:52:59.500,2025-03-02 18:41:46.006,2025-03-03 01:32:16.851
332,4,2025-03-03 10:52:59.958,2025-03-02 18:41:46.006,2025-03-03 02:13:45.746
333,4,2025-03-03 10:53:00.322,2025-03-02 18:41:46.006,2025-03-03 02:13:45.746
334,4,2025-03-03 10:53:00.917,2025-03-02 18:41:46.006,2025-03-03 02:13:45.746
335,4,2025-03-03 10:53:00.952,2025-03-02 18:41:46.006,2025-03-03 02:13:45.746
336,4,2025-03-03 10:53:01.017,2025-03-02 18:41:46.006,2025-03-03 02:13:45.746
337,4,2025-03-03 10:53:01.263,2025-03-02 18:41:46.006,2025-03-03 10:33:32.261
338,4,2025-03-03 10:53:01.301,2025-03-02 18:41:46.006,2025-03-03 10:33:32.261
339,4,2025-03-03 10:53:02.273,2025-03-02 18:41:46.006,2025-03-03 10:33:32.261
340,4,2025-03-03 10:53:02.337,2025-03-02 18:41:46.006,2025-03-03 10:11:44.036
341,4,2025-03-03 10:53:02.438,2025-03-02 18:41:46.006,2025-03-03 10:11:44.036
342,4,2025-03-03 10:53:02.460,2025-03-02 18:41:46.006,2025-03-03 10:33:32.261
343,4,2025-03-03 10:53:02.460,2025-03-02 18:41:46.006,2025-03-03 10:33:32.261
344,4,2025-03-03 10:53:03.225,2025-03-02 18:41:46.006,2025-03-03 10:11:44.036
345,4,2025-03-03 10:53:03.357,2025-03-02 18:41:46.006,2025-03-03 10:11:44.036
346,4,2025-03-03 10:53:03.423,2025-03-02 18:41:46.006,2025-03-03 10:11:44.036
347,3,2025-03-03 11:56:04.205,2025-03-03 00:47:20.791,2025-03-03 11:55:44.503
348,3,2025-03-03 11:58:44.514,2025-03-02 16:54:43.792,2025-03-03 01:24:01.274
349,3,2025-03-03 11:58:47.153,2025-03-02 16:54:43.792,2025-03-03 01:45:52.814
350,3,2025-03-03 12:12:12.264,2025-03-02 16:54:43.792,2025-03-03 12:07:41.281
354,3,2025-03-03 12:33:34.437,2025-03-02 16:54:43.792,2025-03-03 12:16:48.954
355,4,2025-03-03 12:54:40.561,2025-03-02 18:41:46.006,2025-03-03 11:05:56.165
356,4,2025-03-03 12:54:40.608,2025-03-02 18:41:46.006,2025-03-03 11:05:56.165
357,4,2025-03-03 12:54:40.645,2025-03-02 18:41:46.006,2025-03-03 11:05:56.165
358,4,2025-03-03 12:54:42.216,2025-03-02 18:41:46.006,2025-03-03 11:24:44.391
359,4,2025-03-03 12:54:42.326,2025-03-02 18:41:46.006,2025-03-03 11:24:44.391
360,4,2025-03-03 12:54:42.331,2025-03-02 18:41:46.006,2025-03-03 11:24:44.391
361,4,2025-03-03 12:54:43.608,2025-03-02 18:41:46.006,2025-03-03 11:31:27.356
362,4,2025-03-03 12:54:43.817,2025-03-02 18:41:46.006,2025-03-03 11:31:27.356
363,4,2025-03-03 12:54:43.989,2025-03-02 18:41:46.006,2025-03-03 11:31:27.356
364,4,2025-03-03 12:54:44.849,2025-03-02 18:41:46.006,2025-03-03 11:31:27.356
365,4,2025-03-03 12:54:44.857,2025-03-02 18:41:46.006,2025-03-03 11:31:27.356
366,4,2025-03-03 12:54:46.076,2025-03-02 18:41:46.006,2025-03-03 11:51:27.459
367,4,2025-03-03 12:54:46.116,2025-03-02 18:41:46.006,2025-03-03 11:51:27.459
368,4,2025-03-03 12:54:47.089,2025-03-02 18:41:46.006,2025-03-03 11:51:27.459
369,4,2025-03-03 12:54:47.352,2025-03-02 18:41:46.006,2025-03-03 11:51:27.459
370,4,2025-03-03 12:54:47.357,2025-03-02 18:41:46.006,2025-03-03 11:51:27.459
371,4,2025-03-03 12:54:48.393,2025-03-02 18:41:46.006,2025-03-03 12:11:27.628
372,4,2025-03-03 12:54:48.413,2025-03-02 18:41:46.006,2025-03-03 12:11:27.628
373,4,2025-03-03 12:54:49.334,2025-03-02 18:41:46.006,2025-03-03 12:11:27.628
374,4,2025-03-03 12:54:49.568,2025-03-02 18:41:46.006,2025-03-03 12:11:27.628
375,4,2025-03-03 12:54:49.671,2025-03-02 18:41:46.006,2025-03-03 12:11:27.628
376,4,2025-03-03 12:54:50.478,2025-03-02 18:41:46.006,2025-03-03 12:11:27.628
377,4,2025-03-03 12:54:50.627,2025-03-02 18:41:46.006,2025-03-03 12:11:27.628
378,4,2025-03-03 12:54:51.291,2025-03-02 18:41:46.006,2025-03-03 12:11:27.628
379,4,2025-03-03 12:54:51.713,2025-03-02 18:41:46.006,2025-03-03 12:11:27.628
380,4,2025-03-03 12:54:51.826,2025-03-02 18:41:46.006,2025-03-03 12:11:27.628
381,4,2025-03-03 12:54:52.400,2025-03-02 18:41:46.006,2025-03-03 12:11:27.628
382,4,2025-03-03 12:54:52.489,2025-03-02 18:41:46.006,2025-03-03 12:11:27.628
383,4,2025-03-03 12:54:52.892,2025-03-02 18:41:46.006,2025-03-03 12:11:27.628
384,4,2025-03-03 12:54:53.205,2025-03-02 18:41:46.006,2025-03-03 12:11:27.628
385,4,2025-03-03 12:54:53.559,2025-03-02 18:41:46.006,2025-03-03 12:11:27.628
386,4,2025-03-03 12:54:54.231,2025-03-02 18:41:46.006,2025-03-03 12:39:44.952
387,4,2025-03-03 12:54:54.353,2025-03-02 18:41:46.006,2025-03-03 12:39:44.952
388,4,2025-03-03 12:54:54.599,2025-03-02 18:41:46.006,2025-03-03 12:39:44.952
389,4,2025-03-03 12:54:54.812,2025-03-02 18:41:46.006,2025-03-03 12:39:44.952
390,4,2025-03-03 12:54:54.960,2025-03-02 18:41:46.006,2025-03-03 12:39:44.952
391,4,2025-03-03 15:13:56.510,2025-03-02 18:41:46.006,2025-03-03 13:00:48.880
392,4,2025-03-03 15:13:56.586,2025-03-02 18:41:46.006,2025-03-03 13:00:48.880
393,4,2025-03-03 15:13:56.588,2025-03-02 18:41:46.006,2025-03-03 13:00:48.880
394,4,2025-03-03 15:13:56.652,2025-03-02 18:41:46.006,2025-03-03 13:00:48.880
395,4,2025-03-03 15:13:56.663,2025-03-02 18:41:46.006,2025-03-03 13:00:48.880
396,4,2025-03-03 15:14:00.609,2025-03-02 18:41:46.006,2025-03-03 13:00:48.880
397,4,2025-03-03 15:14:00.674,2025-03-02 18:41:46.006,2025-03-03 13:00:48.880
398,4,2025-03-03 15:14:00.809,2025-03-02 18:41:46.006,2025-03-03 13:00:48.880
399,4,2025-03-03 15:14:00.887,2025-03-02 18:41:46.006,2025-03-03 13:00:48.880
400,4,2025-03-03 15:14:00.911,2025-03-02 18:41:46.006,2025-03-03 13:00:48.880
401,4,2025-03-03 15:14:03.104,2025-03-02 18:41:46.006,2025-03-03 13:39:33.999
402,4,2025-03-03 15:14:03.713,2025-03-02 18:41:46.006,2025-03-03 13:39:33.999
403,4,2025-03-03 15:14:03.812,2025-03-02 18:41:46.006,2025-03-03 13:39:33.999
404,4,2025-03-03 15:14:03.940,2025-03-02 18:41:46.006,2025-03-03 13:39:33.999
405,4,2025-03-03 15:14:03.995,2025-03-02 18:41:46.006,2025-03-03 13:39:33.999
406,4,2025-03-03 15:14:05.019,2025-03-02 18:41:46.006,2025-03-03 13:00:48.880
407,4,2025-03-03 15:14:06.417,2025-03-02 18:41:46.006,2025-03-03 13:00:48.880
408,4,2025-03-03 15:14:06.624,2025-03-02 18:41:46.006,2025-03-03 13:00:48.880
409,4,2025-03-03 15:14:06.857,2025-03-02 18:41:46.006,2025-03-03 13:00:48.880
411,4,2025-03-03 15:14:07.285,2025-03-02 18:41:46.006,2025-03-03 14:05:13.191
415,4,2025-03-03 15:14:09.645,2025-03-02 18:41:46.006,2025-03-03 14:05:13.191
417,4,2025-03-03 15:14:10.329,2025-03-02 18:41:46.006,2025-03-03 14:28:26.948
418,4,2025-03-03 15:14:11.152,2025-03-02 18:41:46.006,2025-03-03 14:28:26.948
419,4,2025-03-03 15:14:11.730,2025-03-02 18:41:46.006,2025-03-03 14:28:26.948
420,4,2025-03-03 15:14:11.901,2025-03-02 18:41:46.006,2025-03-03 14:28:26.948
421,7,2025-03-03 15:24:58.054,2025-03-02 16:54:43.792,2025-03-03 13:16:49.402
410,4,2025-03-03 15:14:06.881,2025-03-02 18:41:46.006,2025-03-03 13:00:48.880
414,4,2025-03-03 15:14:09.571,2025-03-02 18:41:46.006,2025-03-03 14:05:13.191
416,4,2025-03-03 15:14:09.798,2025-03-02 18:41:46.006,2025-03-03 14:28:26.948
412,4,2025-03-03 15:14:08.690,2025-03-02 18:41:46.006,2025-03-03 14:05:13.191
413,4,2025-03-03 15:14:09.330,2025-03-02 18:41:46.006,2025-03-03 14:05:13.191
422,5,2025-03-03 15:45:02.710,2025-02-11 09:44:05.943,2025-02-11 14:41:04.948
423,5,2025-03-03 15:45:03.870,2025-02-11 09:44:05.943,2025-02-11 15:27:54.749
424,5,2025-03-03 15:45:04.963,2025-02-11 09:44:05.943,2025-02-11 14:41:04.948
425,5,2025-03-03 15:45:05.891,2025-02-11 09:44:05.943,2025-02-11 14:41:04.948
426,5,2025-03-03 15:45:06.804,2025-02-11 09:44:05.943,2025-02-11 15:27:54.749
427,5,2025-03-03 15:45:07.839,2025-02-11 09:44:05.943,2025-02-11 14:41:04.948
428,5,2025-03-03 15:45:08.737,2025-02-11 09:44:05.943,2025-02-11 15:28:22.741
429,5,2025-03-03 15:45:09.830,2025-02-11 09:44:05.943,2025-02-11 14:41:04.948
430,5,2025-03-03 15:45:10.871,2025-02-11 09:44:05.943,2025-02-11 14:41:04.948
431,5,2025-03-03 15:45:11.799,2025-02-11 09:44:05.943,2025-02-11 14:41:04.948
432,5,2025-03-03 15:45:13.119,2025-02-11 09:44:05.943,2025-02-11 15:04:19.017
433,5,2025-03-03 15:45:15.919,2025-02-11 09:44:05.943,2025-02-11 14:41:04.948
434,5,2025-03-03 15:45:16.830,2025-02-11 09:44:05.943,2025-02-11 15:48:38.680
435,5,2025-03-03 15:45:17.896,2025-02-11 09:44:05.943,2025-02-11 15:48:38.680
436,5,2025-03-03 15:45:18.804,2025-02-11 09:44:05.943,2025-02-11 15:48:38.680
437,5,2025-03-03 15:45:19.788,2025-02-11 09:44:05.943,2025-02-11 15:48:38.680
438,5,2025-03-03 15:45:21.053,2025-02-11 09:44:05.943,2025-02-11 15:48:38.680
439,5,2025-03-03 15:45:22.723,2025-02-11 09:44:05.943,2025-02-11 15:48:38.680
440,5,2025-03-03 15:45:24.016,2025-02-11 09:44:05.943,2025-02-11 15:48:38.680
441,5,2025-03-03 15:45:24.958,2025-02-11 09:44:05.943,2025-02-11 15:48:38.680
442,5,2025-03-03 15:45:25.972,2025-02-11 09:44:05.943,2025-02-11 15:48:38.680
443,5,2025-03-03 15:45:28.278,2025-02-11 09:44:05.943,2025-02-11 15:48:38.680
444,5,2025-03-03 15:45:29.280,2025-02-11 09:44:05.943,2025-02-11 15:48:38.680
445,5,2025-03-03 15:45:30.260,2025-02-11 09:44:05.943,2025-02-11 15:48:38.680
446,5,2025-03-03 15:45:31.148,2025-02-12 09:45:12.929,2025-02-12 16:59:13.552
447,5,2025-03-03 15:45:32.396,2025-02-12 09:45:12.929,2025-02-12 17:10:02.645
448,5,2025-03-03 15:45:33.402,2025-02-12 09:45:12.929,2025-02-12 17:10:02.645
449,5,2025-03-03 15:45:34.596,2025-02-12 09:45:12.929,2025-02-12 16:59:13.552
450,5,2025-03-03 15:45:35.666,2025-02-12 09:45:12.929,2025-02-12 17:20:07.100
451,5,2025-03-03 15:45:36.500,2025-02-12 09:45:12.929,2025-02-12 17:20:07.100
452,5,2025-03-03 15:45:37.590,2025-02-12 09:45:12.929,2025-02-12 17:20:07.100
453,5,2025-03-03 15:45:38.560,2025-02-12 09:45:12.929,2025-02-12 17:20:07.100
454,5,2025-03-03 15:45:39.383,2025-02-12 09:45:12.929,2025-02-12 18:30:03.541
455,5,2025-03-03 15:45:40.216,2025-02-12 09:45:12.929,2025-02-12 17:20:07.100
456,5,2025-03-03 15:45:41.074,2025-02-12 09:45:12.929,2025-02-12 18:30:03.542
457,5,2025-03-03 15:45:41.828,2025-02-12 09:45:12.929,2025-02-12 22:23:22.449
458,5,2025-03-03 15:45:42.534,2025-02-12 09:45:12.929,2025-02-12 17:20:07.100
459,5,2025-03-03 15:45:43.272,2025-02-12 09:45:12.929,2025-02-12 17:20:07.100
460,5,2025-03-03 15:45:44.055,2025-02-12 09:45:12.929,2025-02-12 17:20:07.100
461,5,2025-03-03 15:45:44.759,2025-02-12 09:45:12.929,2025-02-12 22:37:22.234
462,5,2025-03-03 15:45:45.639,2025-02-12 09:45:12.929,2025-02-12 17:20:07.100
463,5,2025-03-03 15:45:46.463,2025-02-17 10:00:01.835,2025-02-17 10:34:59.985
464,5,2025-03-03 15:45:47.286,2025-02-17 10:00:01.835,2025-02-17 10:30:42.858
465,5,2025-03-03 15:45:48.280,2025-02-17 10:00:01.835,2025-02-17 10:34:59.985
466,5,2025-03-03 15:45:49.244,2025-02-17 10:00:01.835,2025-02-17 10:54:19.137
467,5,2025-03-03 15:45:50.254,2025-02-17 10:00:01.835,2025-02-17 11:11:27.299
468,5,2025-03-03 15:45:51.296,2025-02-17 10:00:01.835,2025-02-17 10:54:19.137
469,5,2025-03-03 15:45:52.438,2025-02-17 10:00:01.835,2025-02-17 17:29:44.105
470,5,2025-03-03 15:45:53.563,2025-02-17 10:00:01.835,2025-02-17 18:06:24.730
471,5,2025-03-03 15:45:54.759,2025-02-17 10:00:01.835,2025-02-17 18:23:26.020
472,5,2025-03-03 15:45:55.967,2025-02-17 10:00:01.835,2025-02-17 18:23:26.020
473,5,2025-03-03 15:45:57.644,2025-02-17 10:00:01.835,2025-02-17 18:08:06.709
474,5,2025-03-03 15:45:59.137,2025-02-17 10:00:01.835,2025-02-17 17:41:55.586
475,5,2025-03-03 15:46:00.571,2025-02-17 10:00:01.835,2025-02-17 19:08:31.603
476,5,2025-03-03 15:46:02.666,2025-02-19 10:02:53.293,2025-02-19 16:22:20.220
477,5,2025-03-03 15:46:04.824,2025-02-19 10:02:53.293,2025-02-19 16:22:03.173
478,5,2025-03-03 15:46:07.116,2025-02-19 10:02:53.293,2025-02-19 16:33:02.005
479,5,2025-03-03 15:46:09.611,2025-02-19 10:02:53.293,2025-02-19 16:40:54.704
480,5,2025-03-03 15:46:12.253,2025-02-19 10:02:53.293,2025-02-19 17:00:01.973
481,5,2025-03-03 15:46:14.853,2025-02-19 10:02:53.293,2025-02-19 16:53:23.004
482,5,2025-03-03 15:46:17.702,2025-02-19 10:02:53.293,2025-02-19 17:00:01.973
483,5,2025-03-03 15:46:20.838,2025-02-19 10:02:53.293,2025-02-19 18:00:00.974
484,5,2025-03-03 15:46:24.085,2025-02-19 10:02:53.293,2025-02-19 18:00:00.974
485,5,2025-03-03 15:46:27.527,2025-02-19 10:02:53.293,2025-02-19 20:00:00.915
486,5,2025-03-03 15:46:31.637,2025-02-19 10:02:53.293,2025-02-19 19:56:27.929
487,5,2025-03-03 15:46:35.759,2025-02-19 10:02:53.293,2025-02-19 20:00:00.915
488,5,2025-03-03 15:46:39.822,2025-02-19 10:02:53.293,2025-02-19 21:37:15.407
489,5,2025-03-03 15:46:44.064,2025-02-19 10:02:53.293,2025-02-19 20:05:41.037
490,5,2025-03-03 15:46:48.359,2025-02-19 10:02:53.293,2025-02-19 21:37:15.407
491,5,2025-03-03 15:46:52.920,2025-02-19 10:02:53.293,2025-02-19 21:37:15.407
492,5,2025-03-03 15:46:57.676,2025-02-19 10:02:53.293,2025-02-19 16:40:54.704
493,5,2025-03-03 15:47:02.659,2025-02-20 10:03:11.568,2025-02-20 11:00:35.512
494,5,2025-03-03 15:47:08.011,2025-02-20 10:03:11.568,2025-02-20 10:55:37.224
495,5,2025-03-03 15:47:13.167,2025-02-20 10:03:11.568,2025-02-20 11:00:52.836
496,5,2025-03-03 15:47:18.608,2025-02-20 10:03:11.568,2025-02-20 12:29:35.376
497,5,2025-03-03 15:47:24.133,2025-02-20 10:03:11.568,2025-02-20 12:29:35.375
498,5,2025-03-03 15:47:29.648,2025-02-20 10:03:11.568,2025-02-20 14:36:28.253
499,5,2025-03-03 15:47:35.445,2025-02-20 10:03:11.568,2025-02-20 14:36:28.252
500,5,2025-03-03 15:47:41.163,2025-02-20 10:03:11.568,2025-02-20 16:22:32.083
501,5,2025-03-03 15:47:47.576,2025-02-20 10:03:11.568,2025-02-20 16:22:32.083
502,1,2025-03-03 17:05:10.270,2025-03-03 15:25:02.474,2025-03-03 16:53:08.547
503,14,2025-03-03 17:25:57.476,2025-03-03 03:34:53.215,2025-03-03 17:07:22.400
504,4,2025-03-03 17:32:55.397,2025-03-02 18:41:46.006,2025-03-03 13:00:48.880
505,4,2025-03-03 17:32:55.450,2025-03-02 18:41:46.006,2025-03-03 13:00:48.880
506,4,2025-03-03 17:32:55.549,2025-03-02 18:41:46.006,2025-03-03 13:00:48.880
507,4,2025-03-03 17:32:55.653,2025-03-02 18:41:46.006,2025-03-03 13:00:48.880
508,4,2025-03-03 17:32:55.696,2025-03-02 18:41:46.006,2025-03-03 13:00:48.880
509,4,2025-03-03 17:32:55.775,2025-03-02 18:41:46.006,2025-03-03 13:00:48.880
510,4,2025-03-03 17:32:57.339,2025-03-02 18:41:46.006,2025-03-03 14:28:26.948
511,4,2025-03-03 17:32:57.722,2025-03-02 18:41:46.006,2025-03-03 14:28:26.948
512,4,2025-03-03 17:32:57.859,2025-03-02 18:41:46.006,2025-03-03 14:28:26.948
513,4,2025-03-03 17:32:57.870,2025-03-02 18:41:46.006,2025-03-03 14:28:26.948
514,4,2025-03-03 17:32:57.986,2025-03-02 18:41:46.006,2025-03-03 14:28:26.948
515,4,2025-03-03 17:32:58.094,2025-03-02 18:41:46.006,2025-03-03 14:28:26.948
516,4,2025-03-03 18:10:08.803,2025-03-02 18:41:46.006,2025-03-03 15:41:32.670
517,4,2025-03-03 18:10:09.502,2025-03-02 18:41:46.006,2025-03-03 17:42:39.056
518,4,2025-03-03 18:10:10.093,2025-03-02 18:41:46.006,2025-03-03 18:02:39.192
519,4,2025-03-03 18:10:10.823,2025-03-02 18:41:46.006,2025-03-03 18:04:25.927
520,1,2025-03-03 19:23:05.747,2025-03-03 15:25:02.474,2025-03-03 18:33:46.893
521,4,2025-03-03 19:33:18.280,2025-03-02 18:41:46.006,2025-03-03 18:02:39.192
522,4,2025-03-03 19:33:18.331,2025-03-02 18:41:46.006,2025-03-03 18:02:39.192
523,4,2025-03-03 19:33:18.785,2025-03-02 18:41:46.006,2025-03-03 18:02:39.192
524,4,2025-03-03 19:33:18.905,2025-03-02 18:41:46.006,2025-03-03 18:02:39.192
525,4,2025-03-03 19:33:18.958,2025-03-02 18:41:46.006,2025-03-03 18:02:39.192
526,4,2025-03-03 19:33:20.310,2025-03-02 18:41:46.006,2025-03-03 18:02:39.192
527,4,2025-03-03 19:33:22.449,2025-03-02 18:41:46.006,2025-03-03 18:22:39.319
528,4,2025-03-03 19:33:22.472,2025-03-02 18:41:46.006,2025-03-03 18:22:39.319
529,4,2025-03-03 19:33:22.897,2025-03-02 18:41:46.006,2025-03-03 18:22:39.319
530,4,2025-03-03 19:33:23.157,2025-03-02 18:41:46.006,2025-03-03 18:22:39.319
531,4,2025-03-03 19:33:23.238,2025-03-02 18:41:46.006,2025-03-03 18:22:39.319
532,4,2025-03-03 19:33:23.286,2025-03-02 18:41:46.006,2025-03-03 18:22:39.319
533,4,2025-03-03 19:33:24.791,2025-03-02 18:41:46.006,2025-03-03 18:22:39.319
534,4,2025-03-03 19:33:24.982,2025-03-02 18:41:46.006,2025-03-03 18:22:39.319
535,4,2025-03-03 19:38:19.660,2025-03-02 18:41:46.006,2025-03-03 18:41:46.005
536,4,2025-03-03 19:38:19.676,2025-03-02 18:41:46.006,2025-03-03 18:41:46.005
537,4,2025-03-03 19:38:19.768,2025-03-02 18:41:46.006,2025-03-03 18:41:46.005
538,4,2025-03-03 19:38:19.767,2025-03-02 18:41:46.006,2025-03-03 18:41:46.005
539,4,2025-03-03 19:38:19.770,2025-03-02 18:41:46.006,2025-03-03 18:41:46.005
540,4,2025-03-03 19:38:19.890,2025-03-02 18:41:46.006,2025-03-03 18:41:46.005
541,4,2025-03-03 19:38:22.431,2025-03-02 18:41:46.006,2025-03-03 18:41:46.005
542,4,2025-03-03 19:38:22.490,2025-03-02 18:41:46.006,2025-03-03 18:41:46.005
543,4,2025-03-03 19:38:22.798,2025-03-02 18:41:46.006,2025-03-03 18:41:46.005
544,4,2025-03-03 19:38:22.850,2025-03-02 18:41:46.006,2025-03-03 18:41:46.005
545,4,2025-03-03 19:38:22.947,2025-03-02 18:41:46.006,2025-03-03 18:41:46.005
546,4,2025-03-03 19:38:22.964,2025-03-02 18:41:46.006,2025-03-03 18:41:46.005
547,4,2025-03-03 19:38:24.738,2025-03-03 18:42:17.505,2025-03-03 19:18:18.635
548,4,2025-03-03 19:38:25.006,2025-03-03 18:42:17.505,2025-03-03 19:18:18.635
549,4,2025-03-03 19:38:25.567,2025-03-03 18:42:17.505,2025-03-03 19:18:18.635
550,4,2025-03-03 19:38:25.680,2025-03-03 18:42:17.505,2025-03-03 19:18:18.635
551,4,2025-03-03 19:38:25.732,2025-03-03 18:42:17.505,2025-03-03 19:18:18.635
552,4,2025-03-03 19:38:25.905,2025-03-03 18:42:17.505,2025-03-03 19:18:18.635
553,4,2025-03-03 20:10:12.572,2025-03-03 18:42:17.505,2025-03-03 19:59:14.407
554,12,2025-03-03 21:17:54.464,2025-03-03 11:28:42.491,2025-03-03 16:36:00.860
555,4,2025-03-03 21:48:05.813,2025-03-03 18:42:17.505,2025-03-03 20:44:07.096
556,4,2025-03-03 21:48:05.929,2025-03-03 18:42:17.505,2025-03-03 20:44:07.096
557,4,2025-03-03 21:48:06.186,2025-03-03 18:42:17.505,2025-03-03 20:44:07.096
565,4,2025-03-03 21:48:09.659,2025-03-03 18:42:17.505,2025-03-03 20:44:07.096
558,4,2025-03-03 21:48:06.313,2025-03-03 18:42:17.505,2025-03-03 20:44:07.096
559,4,2025-03-03 21:48:06.717,2025-03-03 18:42:17.505,2025-03-03 20:44:07.096
560,4,2025-03-03 21:48:06.933,2025-03-03 18:42:17.505,2025-03-03 20:44:07.096
561,4,2025-03-03 21:48:08.892,2025-03-03 18:42:17.505,2025-03-03 20:44:07.096
562,4,2025-03-03 21:48:09.431,2025-03-03 18:42:17.505,2025-03-03 20:44:07.096
563,4,2025-03-03 21:48:09.549,2025-03-03 18:42:17.505,2025-03-03 20:44:07.096
564,4,2025-03-03 21:48:09.649,2025-03-03 18:42:17.505,2025-03-03 20:44:07.096
566,4,2025-03-03 21:48:09.808,2025-03-03 18:42:17.505,2025-03-03 20:44:07.096
567,4,2025-03-03 22:22:43.573,2025-03-03 18:42:17.505,2025-03-03 21:54:40.047
568,4,2025-03-03 23:59:17.370,2025-03-03 18:42:17.505,2025-03-03 21:54:40.047
569,4,2025-03-03 23:59:18.507,2025-03-03 18:42:17.505,2025-03-03 21:54:40.047
570,4,2025-03-03 23:59:22.465,2025-03-03 18:42:17.505,2025-03-03 23:12:54.102
571,12,2025-03-04 01:17:26.687,2025-03-03 11:28:42.491,2025-03-03 16:36:00.860
572,12,2025-03-04 07:16:28.317,2025-03-03 11:28:48.149,2025-03-04 06:56:16.509
573,4,2025-03-04 10:58:27.802,2025-03-03 18:42:17.505,2025-03-04 03:14:18.264
574,4,2025-03-04 10:58:27.954,2025-03-03 18:42:17.505,2025-03-04 03:14:18.264
575,4,2025-03-04 10:58:28.463,2025-03-03 18:42:17.505,2025-03-04 03:14:18.264
576,4,2025-03-04 10:58:28.520,2025-03-03 18:42:17.505,2025-03-04 03:14:18.264
577,4,2025-03-04 11:20:10.173,2025-03-03 18:42:17.505,2025-03-04 08:33:51.740
578,4,2025-03-04 12:59:02.706,2025-03-03 18:42:17.505,2025-03-04 10:58:20.387
579,4,2025-03-04 12:59:02.722,2025-03-03 18:42:17.505,2025-03-04 10:58:20.387
580,4,2025-03-04 12:59:02.740,2025-03-03 18:42:17.505,2025-03-04 10:58:20.387
581,4,2025-03-04 12:59:02.755,2025-03-03 18:42:17.505,2025-03-04 10:58:20.387
582,4,2025-03-04 12:59:02.771,2025-03-03 18:42:17.505,2025-03-04 10:58:20.387
583,4,2025-03-04 12:59:02.841,2025-03-03 18:42:17.505,2025-03-04 10:58:20.387
584,4,2025-03-04 12:59:05.825,2025-03-03 18:42:17.505,2025-03-04 11:54:32.936
585,4,2025-03-04 12:59:05.832,2025-03-03 18:42:17.505,2025-03-04 11:54:32.936
586,4,2025-03-04 12:59:06.089,2025-03-03 18:42:17.505,2025-03-04 11:54:32.936
587,4,2025-03-04 12:59:06.100,2025-03-03 18:42:17.505,2025-03-04 11:54:32.936
588,4,2025-03-04 12:59:06.101,2025-03-03 18:42:17.505,2025-03-04 11:54:32.936
589,4,2025-03-04 12:59:06.263,2025-03-03 18:42:17.505,2025-03-04 11:54:32.936
590,4,2025-03-04 12:59:07.699,2025-03-03 18:42:17.505,2025-03-04 12:34:40.526
591,4,2025-03-04 12:59:08.205,2025-03-03 18:42:17.505,2025-03-04 12:34:40.526
592,4,2025-03-04 12:59:08.373,2025-03-03 18:42:17.505,2025-03-04 12:34:40.526
593,4,2025-03-04 12:59:08.432,2025-03-03 18:42:17.505,2025-03-04 12:34:40.526
594,4,2025-03-04 12:59:08.503,2025-03-03 18:42:17.505,2025-03-04 12:34:40.526
595,4,2025-03-04 12:59:08.525,2025-03-03 18:42:17.505,2025-03-04 12:34:40.526
596,4,2025-03-04 12:59:09.031,2025-03-03 18:42:17.505,2025-03-04 12:52:59.743
597,4,2025-03-04 12:59:10.057,2025-03-03 18:42:17.505,2025-03-04 12:52:59.743
598,4,2025-03-04 12:59:10.330,2025-03-03 18:42:17.505,2025-03-04 12:52:59.743
599,4,2025-03-04 12:59:10.558,2025-03-03 18:42:17.505,2025-03-04 12:52:59.743
600,4,2025-03-04 12:59:10.706,2025-03-03 18:42:17.505,2025-03-04 12:52:59.743
601,4,2025-03-04 12:59:10.854,2025-03-03 18:42:17.505,2025-03-04 12:52:59.743
602,4,2025-03-04 12:59:10.986,2025-03-03 18:42:17.505,2025-03-04 12:52:59.743
603,4,2025-03-04 12:59:11.747,2025-03-03 18:42:17.505,2025-03-04 12:52:59.743
604,4,2025-03-04 12:59:11.827,2025-03-03 18:42:17.505,2025-03-04 12:52:59.743
605,4,2025-03-04 12:59:12.366,2025-03-03 18:42:17.505,2025-03-04 12:52:59.743
606,4,2025-03-04 12:59:12.507,2025-03-03 18:42:17.505,2025-03-04 12:52:59.743
607,4,2025-03-04 12:59:12.584,2025-03-03 18:42:17.505,2025-03-04 12:52:59.743
608,4,2025-03-04 13:20:55.422,2025-03-03 18:42:17.505,2025-03-04 13:09:24.322
609,4,2025-03-04 14:59:18.774,2025-03-03 18:42:17.505,2025-03-04 13:44:34.536
610,4,2025-03-04 14:59:18.808,2025-03-03 18:42:17.505,2025-03-04 13:44:34.536
611,4,2025-03-04 14:59:18.810,2025-03-03 18:42:17.505,2025-03-04 13:44:34.536
612,4,2025-03-04 14:59:18.824,2025-03-03 18:42:17.505,2025-03-04 13:44:34.536
613,4,2025-03-04 14:59:18.834,2025-03-03 18:42:17.505,2025-03-04 13:44:34.536
614,4,2025-03-04 14:59:18.913,2025-03-03 18:42:17.505,2025-03-04 13:44:34.536
615,4,2025-03-04 14:59:21.556,2025-03-03 18:42:17.505,2025-03-04 13:52:03.782
616,4,2025-03-04 14:59:21.763,2025-03-03 18:42:17.505,2025-03-04 13:52:03.782
617,4,2025-03-04 14:59:21.773,2025-03-03 18:42:17.505,2025-03-04 13:52:03.782
618,4,2025-03-04 14:59:21.925,2025-03-03 18:42:17.505,2025-03-04 13:52:03.782
619,4,2025-03-04 14:59:21.949,2025-03-03 18:42:17.505,2025-03-04 13:52:03.782
620,4,2025-03-04 14:59:21.958,2025-03-03 18:42:17.505,2025-03-04 13:52:03.782
621,4,2025-03-04 14:59:23.766,2025-03-03 18:42:17.505,2025-03-04 13:52:03.782
622,4,2025-03-04 14:59:23.922,2025-03-03 18:42:17.505,2025-03-04 13:52:03.782
623,4,2025-03-04 14:59:24.011,2025-03-03 18:42:17.505,2025-03-04 13:52:03.782
624,4,2025-03-04 14:59:24.060,2025-03-03 18:42:17.505,2025-03-04 13:52:03.782
625,4,2025-03-04 14:59:24.079,2025-03-03 18:42:17.505,2025-03-04 13:52:03.782
626,4,2025-03-04 14:59:24.124,2025-03-03 18:42:17.505,2025-03-04 13:52:03.782
627,4,2025-03-04 14:59:25.786,2025-03-03 18:42:17.505,2025-03-04 13:52:03.782
628,4,2025-03-04 14:59:26.052,2025-03-03 18:42:17.505,2025-03-04 13:52:03.782
629,4,2025-03-04 14:59:26.173,2025-03-03 18:42:17.505,2025-03-04 13:52:03.782
630,4,2025-03-04 14:59:26.218,2025-03-03 18:42:17.505,2025-03-04 13:52:03.782
631,4,2025-03-04 14:59:26.297,2025-03-03 18:42:17.505,2025-03-04 13:52:03.782
632,4,2025-03-04 14:59:26.311,2025-03-03 18:42:17.505,2025-03-04 13:52:03.782
633,4,2025-03-04 14:59:27.683,2025-03-03 18:42:17.505,2025-03-04 14:25:04.985
634,4,2025-03-04 14:59:27.943,2025-03-03 18:42:17.505,2025-03-04 14:25:04.985
635,4,2025-03-04 14:59:28.037,2025-03-03 18:42:17.505,2025-03-04 14:25:04.985
636,4,2025-03-04 14:59:28.102,2025-03-03 18:42:17.505,2025-03-04 14:25:04.985
637,4,2025-03-04 14:59:28.230,2025-03-03 18:42:17.505,2025-03-04 14:25:04.985
638,4,2025-03-04 14:59:28.535,2025-03-03 18:42:17.505,2025-03-04 14:25:04.985
639,4,2025-03-04 14:59:29.154,2025-03-03 18:42:17.505,2025-03-04 14:51:33.359
640,4,2025-03-04 14:59:29.466,2025-03-03 18:42:17.505,2025-03-04 14:51:33.359
641,4,2025-03-04 14:59:29.639,2025-03-03 18:42:17.505,2025-03-04 14:51:33.359
642,4,2025-03-04 14:59:29.654,2025-03-03 18:42:17.505,2025-03-04 14:51:33.359
643,4,2025-03-04 14:59:30.025,2025-03-03 18:42:17.505,2025-03-04 14:51:33.359
644,4,2025-03-04 14:59:30.054,2025-03-03 18:42:17.505,2025-03-04 14:51:33.359
645,4,2025-03-04 14:59:30.926,2025-03-03 18:42:17.505,2025-03-04 14:51:06.918
646,4,2025-03-04 14:59:31.042,2025-03-03 18:42:17.505,2025-03-04 14:51:06.918
647,4,2025-03-04 14:59:31.081,2025-03-03 18:42:17.505,2025-03-04 14:51:06.918
648,4,2025-03-04 14:59:31.339,2025-03-03 18:42:17.505,2025-03-04 14:51:06.918
649,4,2025-03-04 14:59:31.448,2025-03-03 18:42:17.505,2025-03-04 14:51:06.918
650,4,2025-03-04 14:59:31.548,2025-03-03 18:42:17.505,2025-03-04 14:51:06.918
651,4,2025-03-04 15:21:01.108,2025-03-03 18:42:17.505,2025-03-04 15:11:27.006
652,4,2025-03-04 15:21:02.707,2025-03-03 18:42:17.505,2025-03-04 15:11:27.006
653,4,2025-03-04 16:59:31.504,2025-03-03 18:42:17.505,2025-03-04 15:21:14.604
654,4,2025-03-04 16:59:31.528,2025-03-03 18:42:17.505,2025-03-04 15:21:14.604
655,4,2025-03-04 16:59:31.584,2025-03-03 18:42:17.505,2025-03-04 15:21:14.604
656,4,2025-03-04 16:59:31.834,2025-03-03 18:42:17.505,2025-03-04 15:21:14.604
657,4,2025-03-04 16:59:31.896,2025-03-03 18:42:17.505,2025-03-04 15:21:14.604
658,4,2025-03-04 16:59:32.039,2025-03-03 18:42:17.505,2025-03-04 15:46:08.540
659,4,2025-03-04 16:59:32.344,2025-03-03 18:42:17.505,2025-03-04 15:11:27.006
660,4,2025-03-04 16:59:32.760,2025-03-03 18:42:17.505,2025-03-04 15:11:27.006
661,4,2025-03-04 16:59:32.860,2025-03-03 18:42:17.505,2025-03-04 15:11:27.006
662,4,2025-03-04 16:59:32.867,2025-03-03 18:42:17.505,2025-03-04 15:11:27.006
663,4,2025-03-04 16:59:32.974,2025-03-03 18:42:17.505,2025-03-04 16:03:03.256
664,4,2025-03-04 16:59:33.032,2025-03-03 18:42:17.505,2025-03-04 15:11:27.006
665,4,2025-03-04 16:59:33.099,2025-03-03 18:42:17.505,2025-03-04 16:19:22.146
666,4,2025-03-04 16:59:33.721,2025-03-03 18:42:17.505,2025-03-04 16:19:22.146
667,4,2025-03-04 16:59:33.817,2025-03-03 18:42:17.505,2025-03-04 16:19:22.146
668,4,2025-03-04 16:59:33.960,2025-03-03 18:42:17.505,2025-03-04 16:19:22.146
669,4,2025-03-04 16:59:34.010,2025-03-03 18:42:17.505,2025-03-04 15:11:27.006
670,4,2025-03-04 16:59:34.029,2025-03-03 18:42:17.505,2025-03-04 16:19:22.146
671,4,2025-03-04 16:59:34.066,2025-03-03 18:42:17.505,2025-03-04 16:26:44.519
672,4,2025-03-04 16:59:34.338,2025-03-03 18:42:17.505,2025-03-04 16:26:44.519
673,4,2025-03-04 16:59:34.773,2025-03-03 18:42:17.505,2025-03-04 16:26:44.519
674,4,2025-03-04 16:59:34.997,2025-03-03 18:42:17.505,2025-03-04 16:32:00.395
675,4,2025-03-04 16:59:35.040,2025-03-03 18:42:17.505,2025-03-04 16:26:44.519
676,4,2025-03-04 16:59:35.112,2025-03-03 18:42:17.505,2025-03-04 16:21:43.819
677,4,2025-03-04 16:59:35.191,2025-03-03 18:42:17.505,2025-03-04 16:26:44.519
678,4,2025-03-04 16:59:35.216,2025-03-03 18:42:17.505,2025-03-04 16:32:00.395
679,4,2025-03-04 16:59:35.361,2025-03-03 18:42:17.505,2025-03-04 16:32:00.395
680,4,2025-03-04 16:59:35.757,2025-03-03 18:42:17.505,2025-03-04 16:41:43.936
681,4,2025-03-04 16:59:35.877,2025-03-03 18:42:17.505,2025-03-04 16:32:00.395
682,4,2025-03-04 16:59:36.128,2025-03-03 18:42:17.505,2025-03-04 16:32:00.395
683,4,2025-03-04 16:59:36.175,2025-03-03 18:42:17.505,2025-03-04 16:41:43.936
684,4,2025-03-04 16:59:36.270,2025-03-03 18:42:17.505,2025-03-04 16:41:43.936
685,4,2025-03-04 16:59:36.386,2025-03-03 18:42:17.505,2025-03-04 16:41:43.936
686,4,2025-03-04 16:59:36.565,2025-03-03 18:42:17.505,2025-03-04 16:51:07.647
687,4,2025-03-04 16:59:36.724,2025-03-03 18:42:17.505,2025-03-04 16:41:43.936
688,4,2025-03-04 16:59:37.162,2025-03-03 18:42:17.505,2025-03-04 16:51:07.647
689,4,2025-03-04 16:59:37.183,2025-03-03 18:42:17.505,2025-03-04 16:41:43.936
690,4,2025-03-04 16:59:37.252,2025-03-03 18:42:17.505,2025-03-04 16:48:21.911
691,4,2025-03-04 16:59:37.423,2025-03-03 18:42:17.505,2025-03-04 16:51:07.647
692,4,2025-03-04 16:59:37.449,2025-03-03 18:42:17.505,2025-03-04 16:51:07.647
693,4,2025-03-04 16:59:37.842,2025-03-03 18:42:17.505,2025-03-04 16:51:07.647
694,4,2025-03-04 16:59:37.896,2025-03-03 18:42:17.505,2025-03-04 16:51:07.647
695,4,2025-03-04 17:22:01.973,2025-03-03 18:42:17.505,2025-03-04 17:01:44.067
696,4,2025-03-04 17:22:02.967,2025-03-03 18:42:17.505,2025-03-04 17:06:15.803
697,4,2025-03-04 19:14:57.940,2025-03-03 18:42:17.505,2025-03-04 17:21:44.214
698,4,2025-03-04 19:14:57.958,2025-03-03 18:42:17.505,2025-03-04 17:21:44.214
699,4,2025-03-04 19:14:57.971,2025-03-03 18:42:17.505,2025-03-04 17:21:44.214
700,4,2025-03-04 19:14:58.019,2025-03-03 18:42:17.505,2025-03-04 17:21:44.214
701,4,2025-03-04 19:14:58.064,2025-03-03 18:42:17.505,2025-03-04 17:21:44.214
702,4,2025-03-04 19:14:58.065,2025-03-03 18:42:17.505,2025-03-04 17:21:44.214
703,4,2025-03-04 19:15:00.434,2025-03-03 18:42:17.505,2025-03-04 17:21:44.214
704,4,2025-03-04 19:15:00.916,2025-03-03 18:42:17.505,2025-03-04 17:21:44.214
705,4,2025-03-04 19:15:01.061,2025-03-03 18:42:17.505,2025-03-04 17:21:44.214
706,4,2025-03-04 19:15:01.081,2025-03-03 18:42:17.505,2025-03-04 17:21:44.214
707,4,2025-03-04 19:15:01.184,2025-03-03 18:42:17.505,2025-03-04 17:21:44.214
708,4,2025-03-04 19:15:01.215,2025-03-03 18:42:17.505,2025-03-04 17:21:44.214
709,4,2025-03-04 19:15:03.230,2025-03-03 18:42:17.505,2025-03-04 17:41:44.368
710,4,2025-03-04 19:15:03.322,2025-03-03 18:42:17.505,2025-03-04 17:41:44.368
711,4,2025-03-04 19:15:03.510,2025-03-03 18:42:17.505,2025-03-04 17:41:44.368
712,4,2025-03-04 19:15:03.543,2025-03-03 18:42:17.505,2025-03-04 17:41:44.368
713,4,2025-03-04 19:15:03.654,2025-03-03 18:42:17.505,2025-03-04 17:41:44.368
714,4,2025-03-04 19:15:03.725,2025-03-03 18:42:17.505,2025-03-04 17:41:44.368
715,4,2025-03-04 19:31:54.421,2025-03-03 18:42:17.505,2025-03-04 17:41:44.368
716,4,2025-03-04 19:31:57.957,2025-03-03 18:42:17.505,2025-03-04 17:41:44.368
717,4,2025-03-04 19:32:01.378,2025-03-03 18:42:17.505,2025-03-04 18:26:27.926
718,4,2025-03-04 19:32:04.211,2025-03-03 18:42:17.505,2025-03-04 18:26:27.926
719,4,2025-03-04 21:16:52.678,2025-03-04 18:43:53.139,2025-03-04 20:02:26.531
720,4,2025-03-04 21:16:52.689,2025-03-04 18:43:53.139,2025-03-04 20:02:26.531
721,4,2025-03-04 21:16:52.926,2025-03-04 18:43:53.139,2025-03-04 20:02:26.531
722,4,2025-03-04 21:16:52.934,2025-03-04 18:43:53.139,2025-03-04 20:02:26.531
723,4,2025-03-04 21:16:53.013,2025-03-04 18:43:53.139,2025-03-04 20:02:26.531
724,4,2025-03-04 21:16:53.150,2025-03-04 18:43:53.139,2025-03-04 20:02:26.531
725,4,2025-03-04 21:16:57.551,2025-03-04 18:43:53.139,2025-03-04 20:33:56.774
726,4,2025-03-04 21:16:58.340,2025-03-04 18:43:53.139,2025-03-04 20:33:56.774
727,4,2025-03-04 21:16:58.428,2025-03-04 18:43:53.139,2025-03-04 20:33:56.774
728,4,2025-03-04 21:16:58.552,2025-03-04 18:43:53.139,2025-03-04 20:33:56.774
729,4,2025-03-04 21:16:58.767,2025-03-04 18:43:53.139,2025-03-04 20:33:56.774
730,4,2025-03-04 21:16:58.833,2025-03-04 18:43:53.139,2025-03-04 20:33:56.774
731,4,2025-03-04 21:17:01.003,2025-03-04 18:43:53.139,2025-03-04 21:02:26.958
732,4,2025-03-04 21:17:01.975,2025-03-04 18:43:53.139,2025-03-04 21:02:26.958
733,4,2025-03-04 21:17:02.210,2025-03-04 18:43:53.139,2025-03-04 21:02:26.958
734,4,2025-03-04 21:17:02.357,2025-03-04 18:43:53.139,2025-03-04 21:02:26.958
735,4,2025-03-04 21:17:02.509,2025-03-04 18:43:53.139,2025-03-04 21:02:26.958
736,4,2025-03-04 21:17:02.531,2025-03-04 18:43:53.139,2025-03-04 21:02:26.958
737,4,2025-03-04 21:17:02.902,2025-03-04 18:43:53.139,2025-03-04 21:02:26.958
738,4,2025-03-04 21:17:04.385,2025-03-04 18:43:53.139,2025-03-04 21:02:26.958
739,4,2025-03-04 21:17:04.893,2025-03-04 18:43:53.139,2025-03-04 21:02:26.958
740,4,2025-03-04 21:17:05.167,2025-03-04 18:43:53.139,2025-03-04 21:02:26.958
741,4,2025-03-04 21:17:05.352,2025-03-04 18:43:53.139,2025-03-04 21:02:26.958
742,4,2025-03-04 21:17:05.363,2025-03-04 18:43:53.139,2025-03-04 21:02:26.958
743,4,2025-03-04 21:32:10.763,2025-03-04 18:43:53.139,2025-03-04 21:22:27.107
744,4,2025-03-04 23:18:21.558,2025-03-04 18:43:53.139,2025-03-04 21:42:27.232
745,4,2025-03-04 23:18:21.654,2025-03-04 18:43:53.139,2025-03-04 21:42:27.232
746,4,2025-03-04 23:18:21.655,2025-03-04 18:43:53.139,2025-03-04 21:42:27.232
747,4,2025-03-04 23:18:21.732,2025-03-04 18:43:53.139,2025-03-04 21:42:27.232
748,4,2025-03-04 23:18:21.775,2025-03-04 18:43:53.139,2025-03-04 21:42:27.232
749,4,2025-03-04 23:18:21.800,2025-03-04 18:43:53.139,2025-03-04 21:42:27.232
750,4,2025-03-04 23:18:24.112,2025-03-04 18:43:53.139,2025-03-04 22:22:27.653
751,4,2025-03-04 23:18:24.187,2025-03-04 18:43:53.139,2025-03-04 22:22:27.653
752,4,2025-03-04 23:18:24.297,2025-03-04 18:43:53.139,2025-03-04 22:22:27.653
753,4,2025-03-04 23:18:24.298,2025-03-04 18:43:53.139,2025-03-04 22:22:27.653
754,4,2025-03-04 23:18:24.356,2025-03-04 18:43:53.139,2025-03-04 22:22:27.653
755,4,2025-03-04 23:18:24.377,2025-03-04 18:43:53.139,2025-03-04 22:22:27.653
756,4,2025-03-04 23:18:26.356,2025-03-04 18:43:53.139,2025-03-04 22:42:27.788
757,4,2025-03-04 23:18:26.758,2025-03-04 18:43:53.139,2025-03-04 22:42:27.788
758,4,2025-03-04 23:18:27.154,2025-03-04 18:43:53.139,2025-03-04 22:42:27.788
759,4,2025-03-04 23:18:27.195,2025-03-04 18:43:53.139,2025-03-04 22:42:27.788
760,4,2025-03-04 23:18:27.200,2025-03-04 18:43:53.139,2025-03-04 22:42:27.788
761,4,2025-03-04 23:18:27.413,2025-03-04 18:43:53.139,2025-03-04 22:42:27.788
762,4,2025-03-04 23:18:28.074,2025-03-04 18:43:53.139,2025-03-04 23:02:27.894
763,4,2025-03-04 23:18:28.184,2025-03-04 18:43:53.139,2025-03-04 23:02:27.894
764,4,2025-03-04 23:18:28.866,2025-03-04 18:43:53.139,2025-03-04 23:02:27.894
765,4,2025-03-04 23:18:28.938,2025-03-04 18:43:53.139,2025-03-04 23:02:27.894
766,4,2025-03-04 23:18:29.043,2025-03-04 18:43:53.139,2025-03-04 23:02:27.894
767,4,2025-03-04 23:18:29.206,2025-03-04 18:43:53.139,2025-03-04 23:02:27.894
768,4,2025-03-04 23:32:13.443,2025-03-04 18:43:53.139,2025-03-04 23:22:28.110
769,4,2025-03-05 12:14:03.689,2025-03-04 18:43:53.139,2025-03-05 00:03:41.146
770,4,2025-03-05 12:14:04.384,2025-03-04 18:43:53.139,2025-03-05 00:42:28.621
771,4,2025-03-05 12:14:04.861,2025-03-04 18:43:53.139,2025-03-05 01:02:28.759
772,4,2025-03-05 12:14:05.315,2025-03-04 18:43:53.139,2025-03-05 02:52:53.849
773,4,2025-03-05 12:14:05.847,2025-03-04 18:43:53.139,2025-03-05 02:40:58.185
774,1,2025-03-05 17:09:05.149,2025-03-05 15:27:11.255,2025-03-05 17:08:55.836
775,4,2025-03-05 18:35:12.329,2025-03-04 18:43:53.139,2025-03-05 13:29:14.707
776,4,2025-03-05 18:35:12.951,2025-03-04 18:43:53.139,2025-03-05 13:31:03.801
777,4,2025-03-05 20:35:13.498,2025-03-05 18:44:22.658,2025-03-05 20:14:17.136
778,2,2025-03-05 21:48:52.450,2025-03-05 18:15:21.752,2025-03-05 21:45:06.290
779,4,2025-03-05 22:37:21.453,2025-03-05 18:44:22.658,2025-03-05 22:29:28.558
780,2,2025-03-05 23:49:00.830,2025-03-05 18:15:21.752,2025-03-05 23:39:03.315
781,4,2025-03-06 00:39:30.818,2025-03-05 18:44:22.658,2025-03-05 23:43:50.211
782,2,2025-03-06 01:49:07.973,2025-03-05 18:15:21.752,2025-03-06 01:44:07.038
783,2,2025-03-06 03:49:09.863,2025-03-05 18:15:21.752,2025-03-06 03:34:48.072
784,2,2025-03-06 05:49:11.520,2025-03-05 18:15:21.752,2025-03-06 05:45:17.232
785,3,2025-03-08 01:17:27.639,2025-03-07 23:13:37.527,2025-03-08 00:53:10.966
786,7,2025-03-08 01:37:29.068,2025-03-05 17:01:18.996,2025-03-06 11:45:10.988
787,7,2025-03-08 11:58:59.948,2025-03-08 01:36:17.256,2025-03-08 01:38:46.152
788,3,2025-03-08 14:07:47.871,2025-03-08 01:36:17.256,2025-03-08 13:56:11.794
789,3,2025-03-08 17:53:35.660,2025-03-08 01:36:17.256,2025-03-08 17:36:13.415
790,3,2025-03-08 20:06:58.019,2025-03-08 01:36:17.256,2025-03-08 19:56:14.351
791,2,2025-03-18 02:29:36.376,2025-03-17 19:49:05.758,2025-03-18 02:11:14.235
792,2,2025-03-18 04:29:38.268,2025-03-17 19:49:05.758,2025-03-18 04:02:58.221
793,2,2025-03-18 06:29:40.221,2025-03-17 19:49:05.758,2025-03-18 06:24:34.983
794,2,2025-03-18 08:29:41.944,2025-03-17 19:49:05.758,2025-03-18 08:21:02.151
795,2,2025-03-18 10:29:44.010,2025-03-17 19:49:05.758,2025-03-18 10:28:12.418
796,2,2025-03-18 14:06:15.860,2025-03-17 19:49:05.758,2025-03-18 12:00:01.200
797,2,2025-03-19 00:17:30.772,2025-03-17 19:49:05.758,2025-03-18 18:16:13.030
798,4,2025-03-21 11:08:11.514,2025-03-20 19:59:39.080,2025-03-21 01:51:56.762
799,4,2025-03-21 13:08:22.144,2025-03-20 19:59:39.080,2025-03-21 13:01:33.841
800,3,2025-03-22 15:54:20.707,2025-03-08 01:36:17.256,2025-03-08 20:23:51.256
801,3,2025-03-22 17:56:02.804,2025-03-22 14:51:23.379,2025-03-22 17:16:32.163
802,2,2025-03-23 18:09:53.424,2025-03-21 20:00:01.569,2025-03-22 15:00:00.898
803,3,2025-03-23 22:00:56.825,2025-03-23 14:55:47.163,2025-03-23 21:43:23.715
804,3,2025-03-24 04:57:10.779,2025-03-23 14:55:47.163,2025-03-24 04:43:27.137
805,3,2025-03-24 06:57:13.605,2025-03-23 14:55:47.163,2025-03-24 06:43:28.113
806,3,2025-03-24 15:50:17.521,2025-03-24 14:58:22.492,2025-03-24 15:35:38.721
807,3,2025-03-25 10:57:34.148,2025-03-24 14:58:22.492,2025-03-24 22:36:30.695
808,2,2025-03-25 18:07:18.916,2025-03-24 20:06:18.072,2025-03-25 17:40:02.408
809,4,2025-03-25 20:11:09.223,2025-03-20 19:59:39.080,2025-03-21 14:23:27.506
810,4,2025-03-25 20:11:10.931,2025-03-20 19:59:39.080,2025-03-21 14:23:27.506
811,2,2025-03-25 20:16:02.203,2025-03-24 20:06:18.072,2025-03-25 18:41:35.872
812,2,2025-03-25 22:45:57.421,2025-03-25 20:13:05.705,2025-03-25 21:25:12.672
813,4,2025-03-25 23:08:57.905,2025-03-25 20:04:16.652,2025-03-25 20:26:45.341
814,2,2025-03-26 00:45:59.679,2025-03-25 20:13:05.705,2025-03-26 00:40:57.207
815,2,2025-03-26 02:46:02.590,2025-03-25 20:13:05.705,2025-03-26 02:36:41.377
816,2,2025-03-26 04:46:04.978,2025-03-25 20:13:05.705,2025-03-26 04:39:28.043
817,2,2025-03-26 06:46:07.089,2025-03-25 20:13:05.705,2025-03-26 06:35:17.238
818,2,2025-03-26 09:49:21.072,2025-03-25 20:13:05.705,2025-03-26 09:31:18.293
819,2,2025-03-26 11:55:27.054,2025-03-25 20:13:05.705,2025-03-26 09:49:15.870
820,2,2025-03-26 21:15:33.348,2025-03-25 20:13:05.705,2025-03-26 19:32:56.019
821,4,2025-03-26 21:40:33.354,2025-03-25 20:04:16.652,2025-03-25 23:07:19.597
822,4,2025-03-26 23:40:33.748,2025-03-26 20:05:26.953,2025-03-26 23:39:23.452
823,4,2025-03-27 01:45:02.764,2025-03-26 20:05:26.953,2025-03-27 01:10:46.034
824,4,2025-03-27 04:07:36.867,2025-03-26 20:05:26.953,2025-03-27 02:11:05.368
825,4,2025-03-27 09:18:06.234,2025-03-26 20:05:26.953,2025-03-27 02:11:05.368
826,4,2025-03-27 11:19:08.300,2025-03-26 20:05:26.953,2025-03-27 11:18:56.958
827,4,2025-03-27 13:33:05.435,2025-03-26 20:05:26.953,2025-03-27 13:02:30.492
828,4,2025-03-28 11:03:02.878,2025-03-27 20:05:35.621,2025-03-28 10:57:59.138
829,4,2025-03-28 13:05:01.436,2025-03-27 20:05:35.621,2025-03-28 12:35:16.718
830,3,2025-04-08 08:55:30.642,2025-04-07 16:56:11.904,2025-04-08 01:32:19.337
831,3,2025-04-08 08:55:32.939,2025-04-07 16:56:11.904,2025-04-08 04:16:58.250
832,3,2025-04-15 09:10:08.147,2025-04-14 18:38:28.229,2025-04-14 23:18:19.511
833,3,2025-04-15 09:10:09.759,2025-04-14 18:38:28.229,2025-04-15 03:58:21.550
834,3,2025-04-15 09:10:12.890,2025-04-14 18:38:28.229,2025-04-15 08:18:23.248
835,3,2025-04-15 09:10:14.811,2025-04-14 18:38:28.229,2025-04-15 08:39:33.161
836,3,2025-04-17 12:52:14.188,2025-04-16 18:42:22.130,2025-04-17 12:51:43.508
837,3,2025-04-25 11:44:57.773,2025-04-25 08:19:14.782,2025-04-25 10:16:31.392
838,3,2025-04-25 14:22:45.269,2025-04-25 08:19:14.782,2025-04-25 12:04:15.573
847,8,2025-06-06 17:59:48.344,2025-06-06 15:54:51.882,2025-06-06 17:50:30.600
848,8,2025-06-06 17:59:49.704,2025-06-06 15:54:51.882,2025-06-06 17:50:30.600
849,8,2025-06-06 20:00:02.566,2025-06-06 15:54:51.882,2025-06-06 19:50:31.383
850,8,2025-06-06 22:00:04.156,2025-06-06 15:54:51.882,2025-06-06 21:50:32.476
851,8,2025-06-06 22:00:05.252,2025-06-06 15:54:51.882,2025-06-06 21:50:32.476
852,8,2025-06-07 00:56:29.123,2025-06-06 15:54:51.882,2025-06-06 23:30:33.280
853,17,2025-06-07 20:00:57.700,2025-06-06 06:41:27.629,2025-06-06 17:01:47.827
854,17,2025-06-07 22:02:48.637,2025-06-07 06:41:54.678,2025-06-07 21:33:18.615
855,17,2025-06-08 02:12:33.587,2025-06-07 06:41:54.678,2025-06-07 23:36:46.775
856,17,2025-06-08 08:18:26.668,2025-06-07 06:41:54.678,2025-06-07 23:58:46.660
857,17,2025-06-08 11:27:18.884,2025-06-08 06:42:17.020,2025-06-08 08:18:24.409
858,17,2025-06-08 14:55:56.341,2025-06-08 06:42:17.020,2025-06-08 14:55:50.098
859,17,2025-06-08 17:07:48.782,2025-06-08 06:42:17.020,2025-06-08 15:36:32.738
860,17,2025-06-08 19:08:19.814,2025-06-08 06:42:17.020,2025-06-08 17:07:47.841
861,17,2025-06-08 22:21:44.148,2025-06-08 06:42:17.020,2025-06-08 20:01:55.385
862,17,2025-06-09 11:04:40.997,2025-06-08 06:42:17.020,2025-06-08 22:21:41.743
863,17,2025-06-09 13:50:34.002,2025-06-09 06:42:18.100,2025-06-09 11:48:15.018
864,19,2025-06-09 15:05:33.037,2025-06-07 14:23:19.287,2025-06-08 13:44:23.949
865,8,2025-06-09 15:06:22.951,2025-06-08 15:56:50.974,2025-06-09 15:05:52.218
866,17,2025-06-09 15:56:37.720,2025-06-09 06:42:18.100,2025-06-09 13:50:33.090
867,19,2025-06-10 09:38:52.035,2025-06-09 14:23:49.668,2025-06-10 09:14:51.775
868,19,2025-06-10 13:32:43.303,2025-06-09 14:23:49.668,2025-06-10 10:23:15.538
869,17,2025-06-10 13:43:47.437,2025-06-10 06:43:08.386,2025-06-10 13:33:08.559
870,19,2025-06-10 15:39:01.278,2025-06-09 14:23:49.668,2025-06-10 13:24:58.298
871,8,2025-06-10 16:10:54.463,2025-06-09 15:56:53.152,2025-06-10 15:56:53.151
872,8,2025-06-11 01:41:42.545,2025-06-10 15:59:06.349,2025-06-11 01:38:34.559
873,8,2025-06-11 05:43:26.773,2025-06-10 15:59:06.349,2025-06-11 05:39:25.889
874,8,2025-06-11 07:52:10.726,2025-06-10 15:59:06.349,2025-06-11 07:49:54.878
875,8,2025-06-11 09:52:12.275,2025-06-10 15:59:06.349,2025-06-11 09:38:26.299
876,8,2025-06-11 11:52:13.614,2025-06-10 15:59:06.349,2025-06-11 11:38:25.902
877,8,2025-06-11 13:52:15.005,2025-06-10 15:59:06.349,2025-06-11 13:38:29.787
878,19,2025-06-11 14:01:26.856,2025-06-10 14:24:42.008,2025-06-10 15:53:25.415
879,8,2025-06-11 15:52:44.361,2025-06-10 15:59:06.349,2025-06-11 15:34:20.894
880,8,2025-06-11 18:17:00.135,2025-06-10 15:59:06.349,2025-06-11 15:52:04.955
881,8,2025-06-11 22:18:25.967,2025-06-11 15:59:41.448,2025-06-11 21:05:35.537
882,8,2025-06-12 00:19:01.613,2025-06-11 15:59:41.448,2025-06-12 00:18:52.296
883,8,2025-06-12 04:19:31.404,2025-06-11 15:59:41.448,2025-06-12 04:10:10.128
884,8,2025-06-12 08:59:26.836,2025-06-11 15:59:41.448,2025-06-12 08:54:13.279
885,8,2025-06-12 11:54:30.023,2025-06-11 15:59:41.448,2025-06-12 10:37:03.099
886,17,2025-06-12 12:04:17.611,2025-06-12 07:04:18.588,2025-06-12 12:04:16.712
887,19,2025-06-12 12:04:37.019,2025-06-10 14:24:42.008,2025-06-11 13:36:55.311
888,17,2025-06-12 14:21:41.732,2025-06-12 07:04:18.588,2025-06-12 13:17:37.768
889,19,2025-06-12 14:59:13.607,2025-06-11 14:25:08.533,2025-06-12 12:51:57.184
890,19,2025-06-12 14:59:16.431,2025-06-11 14:25:08.533,2025-06-12 13:52:15.750
891,19,2025-06-12 14:59:17.551,2025-06-12 14:25:11.195,2025-06-12 14:55:20.827
892,8,2025-06-12 15:07:45.768,2025-06-11 15:59:41.448,2025-06-12 13:07:08.867
893,17,2025-06-12 16:31:48.621,2025-06-12 07:04:18.588,2025-06-12 15:54:44.451
894,8,2025-06-12 19:08:15.865,2025-06-11 15:59:41.448,2025-06-12 15:00:00.787
895,17,2025-06-12 20:19:18.163,2025-06-12 07:04:18.588,2025-06-12 16:15:57.243
896,17,2025-06-12 22:52:46.542,2025-06-12 07:04:18.588,2025-06-12 18:18:45.453
897,8,2025-06-14 03:14:54.601,2025-06-13 16:00:00.954,2025-06-14 01:10:45.605
898,8,2025-06-14 07:15:25.705,2025-06-13 16:00:00.954,2025-06-14 07:15:17.464
899,8,2025-06-14 13:15:56.636,2025-06-13 16:00:00.954,2025-06-14 13:15:49.203
900,8,2025-06-15 02:21:11.440,2025-06-14 16:00:01.176,2025-06-14 22:58:41.744
901,8,2025-06-15 06:21:44.989,2025-06-14 16:00:01.176,2025-06-15 00:18:44.002
902,8,2025-06-15 12:22:15.469,2025-06-14 16:00:01.176,2025-06-15 00:18:44.002
903,17,2025-06-15 16:05:33.413,2025-06-12 07:04:18.588,2025-06-12 18:18:45.453
904,17,2025-06-15 18:11:23.786,2025-06-15 07:25:07.316,2025-06-15 16:09:05.557
905,17,2025-06-15 20:11:26.970,2025-06-15 07:25:07.316,2025-06-15 19:57:37.029
906,17,2025-06-15 22:13:57.635,2025-06-15 07:25:07.316,2025-06-15 20:11:36.284
907,17,2025-06-16 00:14:29.084,2025-06-15 07:25:07.316,2025-06-15 21:13:44.940
908,8,2025-06-16 03:31:12.755,2025-06-14 16:00:01.176,2025-06-15 00:18:44.002
909,17,2025-06-16 04:15:02.383,2025-06-15 07:25:07.316,2025-06-15 21:13:44.940
910,17,2025-06-16 08:55:59.727,2025-06-15 07:25:07.316,2025-06-16 06:41:34.670
911,19,2025-06-18 10:11:49.206,2025-06-12 14:25:11.195,2025-06-12 15:44:48.801
912,19,2025-07-01 14:12:33.967,2025-06-17 14:40:13.778,2025-06-18 10:48:39.724
913,19,2025-07-01 14:12:34.940,2025-06-30 14:52:47.817,2025-07-01 14:01:01.744
914,17,2025-07-31 11:44:51.532,2025-07-31 08:28:52.825,2025-07-31 11:19:16.260
915,17,2025-08-05 18:22:36.810,2025-07-31 08:28:52.825,2025-07-31 11:39:16.348
916,17,2025-08-05 20:23:05.549,2025-08-05 08:59:25.796,2025-08-05 20:11:46.881
917,17,2025-08-05 22:28:29.276,2025-08-05 08:59:25.796,2025-08-05 21:51:47.260
918,17,2025-08-06 09:25:36.891,2025-08-05 08:59:25.796,2025-08-06 08:59:13.841
919,17,2025-08-06 09:25:38.346,2025-08-05 08:59:25.796,2025-08-06 08:59:13.841
920,17,2025-08-06 16:28:53.693,2025-08-06 09:02:23.712,2025-08-06 16:03:25.816
921,17,2025-08-06 18:29:16.238,2025-08-06 09:02:23.712,2025-08-06 18:03:04.153
922,17,2025-08-07 09:21:25.141,2025-08-06 09:02:23.712,2025-08-06 18:42:26.657
923,17,2025-08-07 09:22:45.693,2025-08-06 09:02:23.712,2025-08-06 18:42:26.657
924,17,2025-08-07 09:32:39.157,2025-08-06 09:02:23.712,2025-08-06 18:42:26.657
925,17,2025-08-07 09:39:36.794,2025-08-06 09:02:23.712,2025-08-06 18:42:26.657
926,17,2025-08-07 10:27:10.439,2025-08-06 09:02:23.712,2025-08-06 18:42:26.657
927,17,2025-08-07 14:10:50.950,2025-08-06 13:47:58.924,2025-08-06 14:07:52.177
928,17,2025-08-09 02:56:02.493,2025-08-08 09:09:46.370,2025-08-09 00:53:13.876
929,17,2025-08-10 09:21:53.949,2025-08-08 09:09:46.370,2025-08-09 02:56:01.087
930,19,2025-08-13 10:52:42.321,2025-08-11 15:24:31.846,2025-08-12 14:44:55.304
931,19,2025-08-13 10:52:43.264,2025-08-11 15:24:31.846,2025-08-12 15:24:31.845
932,19,2025-08-13 13:41:17.495,2025-08-12 15:28:14.432,2025-08-13 10:40:06.020
933,17,2025-08-14 07:36:39.903,2025-08-09 09:24:04.568,2025-08-10 09:21:51.465
934,17,2025-08-14 13:43:48.610,2025-08-14 09:56:14.896,2025-08-14 13:30:56.222
935,17,2025-08-14 15:44:01.724,2025-08-14 09:56:14.896,2025-08-14 15:30:56.883
936,17,2025-08-14 19:27:04.038,2025-08-14 09:56:14.896,2025-08-14 17:20:40.939
937,17,2025-08-15 01:28:08.444,2025-08-14 09:56:14.896,2025-08-14 17:20:40.939
938,17,2025-08-15 03:44:36.034,2025-08-14 09:56:14.896,2025-08-14 17:20:40.939
939,17,2025-08-15 05:48:16.477,2025-08-14 09:56:14.896,2025-08-15 04:07:08.295
940,17,2025-08-15 07:56:23.504,2025-08-14 09:56:14.896,2025-08-15 05:53:30.655
941,17,2025-08-15 10:11:32.621,2025-08-14 09:56:14.896,2025-08-15 09:21:35.107
942,17,2025-08-15 12:11:51.549,2025-08-15 09:57:47.878,2025-08-15 11:40:05.544
943,19,2025-08-15 12:51:04.298,2025-08-12 15:28:14.432,2025-08-13 13:52:08.368
944,17,2025-08-15 14:19:43.860,2025-08-15 09:57:47.878,2025-08-15 13:48:20.060
945,17,2025-08-15 16:21:00.771,2025-08-15 09:57:47.878,2025-08-15 15:57:59.297
946,17,2025-08-15 18:32:36.915,2025-08-15 09:57:47.878,2025-08-15 17:52:00.802
947,19,2025-08-15 19:30:43.482,2025-08-15 15:29:23.604,2025-08-15 18:58:28.275
948,17,2025-08-15 20:37:46.799,2025-08-15 09:57:47.878,2025-08-15 18:34:06.060
949,17,2025-08-15 22:38:19.116,2025-08-15 09:57:47.878,2025-08-15 18:34:06.060
950,17,2025-08-16 02:38:53.910,2025-08-15 09:57:47.878,2025-08-15 18:34:06.060
951,17,2025-08-16 04:45:37.354,2025-08-15 09:57:47.878,2025-08-16 04:11:03.693
952,17,2025-08-16 08:17:28.704,2025-08-15 09:57:47.878,2025-08-16 04:11:03.693
953,17,2025-08-16 10:29:13.695,2025-08-16 09:57:57.595,2025-08-16 09:58:06.575
954,17,2025-08-16 12:35:30.703,2025-08-16 09:57:57.595,2025-08-16 11:11:40.599
955,17,2025-08-16 14:52:12.943,2025-08-16 09:57:57.595,2025-08-16 13:53:24.655
956,17,2025-08-16 16:54:57.512,2025-08-16 09:57:57.595,2025-08-16 16:33:25.272
957,17,2025-08-16 18:57:12.461,2025-08-16 09:57:57.595,2025-08-16 18:05:22.631
958,17,2025-08-16 22:08:07.122,2025-08-16 09:57:57.595,2025-08-16 18:05:22.631
959,17,2025-08-17 02:08:39.257,2025-08-16 09:57:57.595,2025-08-16 20:07:33.786
960,17,2025-08-17 08:19:16.598,2025-08-16 09:57:57.595,2025-08-17 08:00:46.833
961,17,2025-08-17 10:25:25.681,2025-08-16 09:57:57.595,2025-08-17 09:57:57.594
962,17,2025-08-17 12:27:15.360,2025-08-17 10:00:18.776,2025-08-17 12:00:48.069
963,17,2025-08-17 14:27:36.914,2025-08-17 10:00:18.776,2025-08-17 14:20:48.819
964,17,2025-08-17 16:29:48.042,2025-08-17 10:00:18.776,2025-08-17 16:00:49.144
965,17,2025-08-17 17:02:10.779,2025-08-17 10:00:18.776,2025-08-17 15:20:49.038
966,19,2025-08-17 19:19:27.794,2025-08-15 15:29:23.604,2025-08-15 20:20:58.526
967,17,2025-08-18 05:31:06.806,2025-08-17 10:00:18.776,2025-08-18 04:01:02.088
968,17,2025-08-18 08:11:19.996,2025-08-17 10:00:18.776,2025-08-18 05:45:44.878
969,17,2025-08-18 09:35:36.147,2025-08-17 10:00:18.776,2025-08-17 15:20:49.038
970,17,2025-08-18 11:36:06.148,2025-08-18 10:00:18.832,2025-08-18 11:36:02.820
971,17,2025-08-18 13:53:33.487,2025-08-18 10:00:18.832,2025-08-18 11:36:05.020
972,17,2025-08-18 15:56:31.023,2025-08-18 10:00:18.832,2025-08-18 14:12:17.913
973,17,2025-08-18 16:56:39.708,2025-08-18 11:05:15.759,2025-08-18 16:21:02.611
974,17,2025-08-18 16:56:41.597,2025-08-18 11:05:15.759,2025-08-18 16:37:45.180
975,17,2025-08-18 17:57:58.885,2025-08-18 10:00:18.832,2025-08-18 17:34:15.163
976,17,2025-08-18 18:56:45.699,2025-08-18 11:05:15.759,2025-08-18 18:17:45.691
977,17,2025-08-18 18:56:47.611,2025-08-18 11:05:15.759,2025-08-18 18:48:08.923
978,17,2025-08-18 21:39:08.138,2025-08-18 11:05:15.759,2025-08-18 20:13:03.065
979,17,2025-08-19 05:00:12.576,2025-08-18 10:00:18.832,2025-08-18 17:54:15.213
980,17,2025-08-19 07:10:40.957,2025-08-18 10:00:18.832,2025-08-19 07:08:26.978
981,17,2025-08-19 07:12:39.800,2025-08-18 11:05:15.759,2025-08-19 07:11:23.948
982,17,2025-08-19 08:10:01.352,2025-08-17 10:00:18.776,2025-08-17 15:20:49.038
983,17,2025-08-19 08:14:55.271,2025-08-17 10:00:18.776,2025-08-17 15:20:49.038
984,17,2025-08-19 10:30:07.840,2025-08-18 10:00:18.832,2025-08-19 10:00:18.831
985,17,2025-08-19 10:30:08.574,2025-08-18 10:00:18.832,2025-08-19 10:00:18.831
986,17,2025-08-19 16:10:57.345,2025-08-17 10:00:18.776,2025-08-17 15:20:49.038
987,17,2025-08-19 18:26:51.392,2025-08-17 10:00:18.776,2025-08-17 15:20:49.038
988,19,2025-08-19 18:41:22.930,2025-08-17 15:33:47.150,2025-08-17 22:48:12.927
989,17,2025-08-19 18:42:31.242,2025-08-17 10:00:18.776,2025-08-17 15:20:49.038
990,17,2025-08-19 22:14:04.759,2025-08-17 10:00:18.776,2025-08-17 15:20:49.038
991,17,2025-08-20 03:10:10.088,2025-08-19 10:01:59.844,2025-08-19 23:22:31.827
992,17,2025-08-20 05:12:54.508,2025-08-19 10:01:59.844,2025-08-20 03:02:32.566
993,19,2025-08-20 12:12:22.780,2025-08-20 10:09:14.968,2025-08-20 12:09:04.454
994,17,2025-08-20 13:06:48.529,2025-08-17 10:00:18.776,2025-08-17 15:20:49.038
995,19,2025-08-20 14:12:23.916,2025-08-20 10:09:14.968,2025-08-20 13:49:04.987
996,17,2025-08-20 15:09:15.575,2025-08-20 10:06:04.355,2025-08-20 13:06:36.070
997,19,2025-08-20 16:12:25.026,2025-08-20 10:09:14.968,2025-08-20 16:09:05.709
998,17,2025-08-20 17:09:47.818,2025-08-20 10:06:04.355,2025-08-20 13:06:36.070
999,19,2025-08-20 18:12:28.309,2025-08-20 10:09:45.251,2025-08-20 18:09:36.636
1000,19,2025-08-20 20:12:29.351,2025-08-20 10:09:45.251,2025-08-20 20:09:37.253
1001,19,2025-08-20 22:12:30.321,2025-08-20 10:09:45.251,2025-08-20 22:09:38.003
1002,17,2025-08-20 23:21:38.564,2025-08-20 10:06:04.355,2025-08-20 22:23:09.323
1003,19,2025-08-21 00:12:31.357,2025-08-20 10:09:45.251,2025-08-21 00:09:38.674
1004,17,2025-08-21 02:23:19.197,2025-08-20 10:06:04.355,2025-08-20 23:21:32.645
1005,17,2025-08-21 09:14:39.904,2025-08-20 11:13:03.025,2025-08-21 08:12:06.073
1006,17,2025-08-21 09:58:54.552,2025-08-17 10:00:18.776,2025-08-17 15:20:49.038
1007,17,2025-08-21 11:22:08.476,2025-08-20 11:13:03.025,2025-08-21 10:43:03.192
1008,17,2025-08-21 12:00:02.839,2025-08-21 10:06:28.604,2025-08-21 11:42:06.669
1009,17,2025-08-21 13:23:04.850,2025-08-21 11:13:03.067,2025-08-21 13:04:07.051
1010,19,2025-08-21 13:42:46.820,2025-08-20 10:09:45.251,2025-08-21 03:09:39.703
1011,19,2025-08-21 13:42:47.129,2025-08-20 10:09:45.251,2025-08-21 06:09:40.595
1012,19,2025-08-21 13:42:47.385,2025-08-20 10:09:45.251,2025-08-21 09:29:41.668
1013,19,2025-08-21 13:42:47.621,2025-08-21 13:19:27.897,2025-08-21 13:39:17.905
1014,17,2025-08-21 14:02:03.792,2025-08-21 10:06:28.604,2025-08-21 13:47:29.808
1015,17,2025-08-21 15:27:23.676,2025-08-17 10:00:18.776,2025-08-17 15:20:49.038
1016,17,2025-08-21 15:57:41.404,2025-08-17 10:00:18.776,2025-08-17 15:20:49.038
1017,17,2025-08-21 16:30:02.229,2025-08-21 11:13:03.067,2025-08-21 16:14:58.071
1018,17,2025-08-21 18:10:28.057,2025-08-21 10:06:28.604,2025-08-21 17:12:10.646
1019,17,2025-08-21 18:32:43.196,2025-08-21 11:13:03.067,2025-08-21 18:25:01.978
1020,8,2025-08-21 19:46:40.867,2025-08-21 19:45:01.522,2025-08-21 19:45:27.595
1021,17,2025-08-21 20:18:13.358,2025-08-21 10:06:28.604,2025-08-21 20:18:07.548
1022,17,2025-08-21 20:35:17.904,2025-08-21 11:13:03.067,2025-08-21 20:19:01.327
1023,17,2025-08-21 21:28:54.101,2025-08-17 10:00:18.776,2025-08-17 15:20:49.038
1024,17,2025-08-21 23:35:37.669,2025-08-21 11:13:03.067,2025-08-21 23:33:03.042
1025,17,2025-08-21 23:56:01.693,2025-08-21 10:06:28.604,2025-08-21 21:29:55.978
1026,17,2025-08-21 23:56:02.835,2025-08-21 10:06:28.604,2025-08-21 23:55:59.416
1027,17,2025-08-22 01:36:09.639,2025-08-21 11:13:03.067,2025-08-22 00:33:03.035
1028,17,2025-08-22 02:11:36.576,2025-08-21 10:06:28.604,2025-08-22 01:51:30.485
1029,17,2025-08-22 04:12:08.190,2025-08-21 10:06:28.604,2025-08-22 04:09:21.247
1030,17,2025-08-22 04:28:05.801,2025-08-21 11:13:03.067,2025-08-22 04:21:28.235
1031,17,2025-08-22 06:28:57.124,2025-08-21 10:06:28.604,2025-08-22 06:08:06.623
1032,17,2025-08-22 06:38:04.514,2025-08-21 11:13:03.067,2025-08-22 05:59:39.046
1033,17,2025-08-22 09:02:06.218,2025-08-21 10:06:28.604,2025-08-22 07:54:14.147
1034,17,2025-08-22 09:05:06.960,2025-08-21 11:13:03.067,2025-08-22 07:50:51.599
1035,17,2025-08-22 11:02:08.818,2025-08-22 10:09:20.394,2025-08-22 10:45:58.190
1036,17,2025-08-22 11:06:22.713,2025-08-21 11:13:03.067,2025-08-22 10:42:09.931
1037,8,2025-08-22 11:21:43.634,2025-08-22 09:08:14.894,2025-08-22 11:07:50.867
1038,17,2025-08-22 13:02:12.851,2025-08-22 10:09:20.394,2025-08-22 12:44:20.977
1039,17,2025-08-22 13:15:16.166,2025-08-22 11:15:41.600,2025-08-22 12:28:51.867
1040,17,2025-08-22 15:05:40.783,2025-08-22 10:09:20.394,2025-08-22 13:44:21.164
1041,17,2025-08-22 15:29:02.477,2025-08-22 11:15:41.600,2025-08-22 14:53:03.534
1042,17,2025-08-22 17:06:14.018,2025-08-22 10:09:20.394,2025-08-22 16:34:56.339
1043,17,2025-08-22 17:37:43.864,2025-08-22 11:15:41.600,2025-08-22 17:23:03.035
1044,17,2025-08-22 19:07:49.777,2025-08-22 10:09:20.394,2025-08-22 17:14:03.303
1045,17,2025-08-22 19:59:06.415,2025-08-22 11:15:41.600,2025-08-22 18:43:03.027
1046,17,2025-08-22 21:10:30.811,2025-08-22 10:09:20.394,2025-08-22 20:03:24.776
1047,17,2025-08-22 22:01:01.223,2025-08-22 11:15:41.600,2025-08-22 21:00:12.620
1048,17,2025-08-23 00:04:20.886,2025-08-22 11:15:41.600,2025-08-22 23:05:51.004
1049,17,2025-08-23 00:11:12.721,2025-08-22 10:09:20.394,2025-08-22 20:03:24.776
1050,17,2025-08-23 02:04:48.198,2025-08-22 11:15:41.600,2025-08-22 23:05:51.004
1051,17,2025-08-23 04:11:44.474,2025-08-22 10:09:20.394,2025-08-22 20:03:24.776
1052,17,2025-08-23 06:36:00.626,2025-08-22 10:09:20.394,2025-08-22 20:03:24.776
1053,17,2025-08-23 07:32:52.009,2025-08-22 11:15:41.600,2025-08-22 23:05:51.004
1054,17,2025-08-23 08:38:26.474,2025-08-22 10:09:20.394,2025-08-23 08:04:20.835
1055,17,2025-08-23 10:02:46.071,2025-08-22 11:15:41.600,2025-08-22 23:05:51.004
1056,17,2025-08-23 10:38:27.349,2025-08-22 10:09:20.394,2025-08-23 08:04:20.835
1057,17,2025-08-23 12:03:08.447,2025-08-22 11:15:41.600,2025-08-23 11:15:41.599
1058,17,2025-08-23 12:16:45.900,2025-08-22 11:15:41.600,2025-08-23 11:15:41.599
1059,17,2025-08-23 12:27:05.684,2025-08-22 11:15:41.600,2025-08-23 11:15:41.599
1060,17,2025-08-23 13:00:06.353,2025-08-23 10:09:37.274,2025-08-23 12:28:44.113
1061,17,2025-08-23 14:33:06.972,2025-08-23 11:15:44.555,2025-08-23 14:05:54.068
1062,17,2025-08-23 15:02:10.395,2025-08-23 10:09:37.274,2025-08-23 14:35:25.035
1063,17,2025-08-23 16:38:38.414,2025-08-23 11:15:44.555,2025-08-23 15:53:03.019
1064,17,2025-08-23 17:15:01.943,2025-08-23 10:09:37.274,2025-08-23 16:43:26.902
1065,17,2025-08-23 18:41:58.323,2025-08-23 11:15:44.555,2025-08-23 17:34:04.040
1066,17,2025-08-23 19:21:31.215,2025-08-23 10:09:37.274,2025-08-23 17:52:46.477
1067,17,2025-08-23 20:42:28.754,2025-08-23 11:15:44.555,2025-08-23 20:33:03.104
1068,17,2025-08-23 21:37:35.912,2025-08-23 10:09:37.274,2025-08-23 19:45:30.324
1069,17,2025-08-23 23:40:23.914,2025-08-23 10:09:37.274,2025-08-23 23:11:56.418
1070,17,2025-08-24 00:43:01.442,2025-08-23 11:15:44.555,2025-08-24 00:33:03.058
1071,17,2025-08-24 01:51:30.918,2025-08-23 10:09:37.274,2025-08-23 23:11:56.418
1072,17,2025-08-24 02:44:04.863,2025-08-23 11:15:44.555,2025-08-24 02:21:08.039
1073,17,2025-08-24 04:09:30.489,2025-08-23 10:09:37.274,2025-08-23 23:11:56.418
1074,17,2025-08-24 06:14:57.217,2025-08-23 10:09:37.274,2025-08-23 23:11:56.418
1075,17,2025-08-24 06:15:48.846,2025-08-23 11:15:44.555,2025-08-24 04:13:03.022
1076,17,2025-08-24 08:20:25.075,2025-08-23 10:09:37.274,2025-08-23 23:11:56.418
1077,17,2025-08-24 10:16:29.910,2025-08-23 11:15:44.555,2025-08-24 06:13:03.066
1078,17,2025-08-24 10:48:03.405,2025-08-23 10:09:37.274,2025-08-24 10:09:37.273
1079,17,2025-08-24 12:49:01.449,2025-08-24 10:15:24.464,2025-08-24 11:49:43.833
1080,17,2025-08-24 15:53:04.330,2025-08-24 10:15:24.464,2025-08-24 11:49:43.833
1081,17,2025-08-24 16:16:57.100,2025-08-23 11:15:44.555,2025-08-24 11:15:44.554
1082,17,2025-08-24 18:00:43.785,2025-08-24 10:15:24.464,2025-08-24 17:29:03.492
1083,17,2025-08-24 18:21:39.159,2025-08-24 11:23:03.069,2025-08-24 17:53:03.070
1084,17,2025-08-24 20:41:06.111,2025-08-24 10:15:24.464,2025-08-24 18:31:46.446
1085,17,2025-08-24 21:17:31.278,2025-08-24 11:23:03.069,2025-08-24 20:00:31.031
1086,17,2025-08-24 21:17:39.450,2025-08-24 16:07:54.746,2025-08-24 19:18:10.047
1087,17,2025-08-24 21:17:40.474,2025-08-24 16:07:54.746,2025-08-24 20:29:12.211
1088,17,2025-08-24 23:17:58.612,2025-08-24 11:23:03.069,2025-08-24 23:13:04.183
1089,17,2025-08-24 23:34:32.684,2025-08-24 16:07:54.746,2025-08-24 21:34:41.515
1090,17,2025-08-24 23:34:35.870,2025-08-24 16:07:54.746,2025-08-24 22:22:29.761
1091,17,2025-08-24 23:34:38.259,2025-08-24 16:07:54.746,2025-08-24 21:40:23.180
1092,17,2025-08-24 23:34:40.197,2025-08-24 16:07:54.746,2025-08-24 21:34:41.515
1093,17,2025-08-25 00:12:12.256,2025-08-24 10:15:24.464,2025-08-24 18:31:46.446
1094,17,2025-08-25 01:42:59.672,2025-08-24 11:23:03.069,2025-08-25 01:13:04.097
1095,17,2025-08-25 02:12:13.969,2025-08-24 10:15:24.464,2025-08-24 18:31:46.446
1096,17,2025-08-25 02:37:30.451,2025-08-24 16:07:54.746,2025-08-24 21:34:41.515
1097,17,2025-08-25 03:59:40.071,2025-08-24 11:23:03.069,2025-08-25 03:59:36.116
1098,17,2025-08-25 04:38:52.434,2025-08-24 16:07:54.746,2025-08-25 04:08:55.892
1099,17,2025-08-25 04:38:55.060,2025-08-24 16:07:54.746,2025-08-25 04:01:50.619
1100,17,2025-08-25 05:08:44.968,2025-08-24 10:15:24.464,2025-08-24 18:31:46.446
1101,17,2025-08-25 06:03:13.253,2025-08-24 11:23:03.069,2025-08-25 04:53:03.070
1102,17,2025-08-25 07:08:50.720,2025-08-24 16:07:54.746,2025-08-25 05:08:49.917
1103,17,2025-08-25 07:08:52.699,2025-08-24 16:07:54.746,2025-08-25 04:01:50.619
1104,17,2025-08-25 07:08:54.796,2025-08-24 16:07:54.746,2025-08-25 04:01:50.619
1105,17,2025-08-25 07:09:52.914,2025-08-24 10:15:24.464,2025-08-24 18:31:46.446
1106,17,2025-08-25 08:03:49.069,2025-08-24 11:23:03.069,2025-08-25 08:03:40.067
1107,17,2025-08-25 09:12:00.860,2025-08-24 16:07:54.746,2025-08-25 08:11:47.140
1108,17,2025-08-25 09:12:02.797,2025-08-24 16:07:54.746,2025-08-25 04:01:50.619
1109,8,2025-08-25 09:16:26.964,2025-08-22 09:08:14.894,2025-08-22 11:47:51.005
1110,17,2025-08-25 09:43:02.830,2025-08-24 10:15:24.464,2025-08-24 18:31:46.446
1111,17,2025-08-25 10:23:05.814,2025-08-24 11:23:03.069,2025-08-25 09:53:03.076
1112,17,2025-08-25 11:19:03.793,2025-08-24 16:07:54.746,2025-08-25 04:01:50.619
1113,17,2025-08-25 12:01:56.428,2025-08-24 10:15:24.464,2025-08-24 18:31:46.446
1114,17,2025-08-25 13:19:06.341,2025-08-24 16:07:54.746,2025-08-25 11:36:13.655
1115,17,2025-08-25 13:19:09.105,2025-08-24 16:07:54.746,2025-08-25 12:11:37.565
1116,17,2025-08-25 13:19:11.591,2025-08-24 16:07:54.746,2025-08-25 12:11:37.565
1117,17,2025-08-25 15:19:17.225,2025-08-24 16:07:54.746,2025-08-25 13:34:12.355
1118,17,2025-08-25 15:19:19.272,2025-08-24 16:07:54.746,2025-08-25 13:54:12.505
1119,17,2025-08-25 15:19:21.272,2025-08-24 16:07:54.746,2025-08-25 13:54:12.505
1120,17,2025-08-25 15:19:23.177,2025-08-24 16:07:54.746,2025-08-25 13:54:12.505
1121,17,2025-08-25 16:18:13.232,2025-08-24 11:23:03.069,2025-08-25 11:08:03.036
1122,17,2025-08-25 17:22:29.814,2025-08-24 16:07:54.746,2025-08-25 15:42:04.681
1123,17,2025-08-25 17:22:32.621,2025-08-25 16:10:41.460,2025-08-25 16:38:24.603
1124,17,2025-08-25 17:22:34.745,2025-08-25 16:10:41.460,2025-08-25 16:43:26.268
1125,17,2025-08-25 19:03:40.874,2025-08-25 11:23:03.069,2025-08-25 17:53:03.067
1126,17,2025-08-25 19:23:04.545,2025-08-25 16:10:41.460,2025-08-25 17:36:35.681
1127,17,2025-08-25 19:23:06.416,2025-08-25 10:31:16.461,2025-08-25 17:20:41.451
1128,17,2025-08-25 21:04:11.986,2025-08-25 11:23:03.069,2025-08-25 19:03:03.066
1129,8,2025-08-25 21:19:25.891,2025-08-25 09:16:00.682,2025-08-25 09:16:07.267
1130,17,2025-08-25 21:27:37.864,2025-08-25 16:10:41.460,2025-08-25 19:15:51.569
1131,17,2025-08-25 21:40:44.491,2025-08-25 10:31:16.461,2025-08-25 20:38:28.302
1132,17,2025-08-25 23:22:14.362,2025-08-25 11:23:03.069,2025-08-25 23:17:15.276
1133,17,2025-08-25 23:28:21.696,2025-08-25 16:10:41.460,2025-08-25 19:15:51.569
1134,17,2025-08-25 23:58:36.273,2025-08-25 10:31:16.461,2025-08-25 20:38:28.302
1135,17,2025-08-26 01:35:49.753,2025-08-25 16:10:41.460,2025-08-25 19:15:51.569
1136,17,2025-08-26 02:08:10.810,2025-08-25 11:23:03.069,2025-08-26 00:55:04.034
1137,17,2025-08-26 03:40:04.170,2025-08-25 16:10:41.460,2025-08-26 01:07:18.543
1138,17,2025-08-26 04:34:08.106,2025-08-25 10:31:16.461,2025-08-25 20:38:28.302
1139,17,2025-08-26 05:50:55.766,2025-08-25 16:10:41.460,2025-08-26 01:07:18.543
1140,17,2025-08-26 06:38:42.135,2025-08-25 10:31:16.461,2025-08-25 20:38:28.302
1141,17,2025-08-26 07:06:15.738,2025-08-25 11:23:03.069,2025-08-26 04:00:05.037
1142,17,2025-08-26 08:24:01.209,2025-08-25 16:10:41.460,2025-08-26 05:29:06.781
1143,17,2025-08-26 09:13:07.886,2025-08-25 11:23:03.069,2025-08-26 08:33:04.124
1144,17,2025-08-26 09:25:02.043,2025-08-25 10:31:16.461,2025-08-26 08:05:17.775
1145,17,2025-08-26 10:30:01.634,2025-08-25 16:10:38.960,2025-08-26 09:21:06.281
1146,19,2025-08-26 11:11:30.838,2025-08-21 13:38:31.298,2025-08-21 15:10:50.769
1147,17,2025-08-26 11:28:06.082,2025-08-25 10:31:16.461,2025-08-26 10:31:16.460
1148,17,2025-08-26 11:42:49.556,2025-08-25 11:23:03.069,2025-08-26 10:53:17.023
1149,19,2025-08-26 12:11:44.977,2025-08-26 11:57:15.320,2025-08-26 11:59:23.086
1150,17,2025-08-26 13:45:01.996,2025-08-26 10:42:00.826,2025-08-26 11:20:20.903
1151,17,2025-08-26 14:31:47.592,2025-08-25 16:10:38.960,2025-08-26 12:11:16.225
1152,17,2025-08-26 14:31:48.535,2025-08-25 16:10:38.960,2025-08-26 14:06:08.845
1153,17,2025-08-26 15:49:33.981,2025-08-26 10:42:00.826,2025-08-26 11:20:20.903
1154,17,2025-08-26 16:40:14.175,2025-08-25 16:10:38.960,2025-08-26 16:10:38.959
1155,17,2025-08-26 18:30:03.547,2025-08-26 10:42:00.826,2025-08-26 11:20:20.903
1156,17,2025-08-26 19:37:08.943,2025-08-26 11:33:03.063,2025-08-26 15:38:30.068
1157,17,2025-08-26 19:37:10.642,2025-08-26 11:33:03.063,2025-08-26 19:33:03.067
1158,17,2025-08-26 21:08:01.589,2025-08-26 16:10:39.535,2025-08-26 21:00:00.383
1159,17,2025-08-26 23:08:03.984,2025-08-26 16:10:39.535,2025-08-26 22:55:56.292
1160,17,2025-08-27 01:23:42.216,2025-08-26 10:42:00.826,2025-08-26 19:24:10.679
1161,17,2025-08-27 01:51:20.174,2025-08-26 16:10:39.535,2025-08-26 23:47:11.737
1162,17,2025-08-27 03:51:49.967,2025-08-26 16:10:39.535,2025-08-27 03:43:32.384
1163,17,2025-08-27 04:07:30.370,2025-08-26 10:42:00.826,2025-08-26 19:24:10.679
1164,17,2025-08-27 06:31:45.122,2025-08-26 10:42:00.826,2025-08-26 19:24:10.679
1165,17,2025-08-27 08:42:53.358,2025-08-26 11:33:03.063,2025-08-27 08:42:34.082
1166,17,2025-08-27 08:55:02.098,2025-08-26 10:42:00.826,2025-08-26 19:24:10.679
1167,17,2025-08-27 08:59:17.322,2025-08-26 16:10:39.535,2025-08-27 08:20:50.919
1168,17,2025-08-27 11:23:40.646,2025-08-26 10:42:00.826,2025-08-26 19:24:10.679
1169,17,2025-08-27 11:49:38.798,2025-08-26 16:10:39.535,2025-08-27 09:09:02.608
1170,17,2025-08-27 13:24:47.137,2025-08-27 10:42:10.852,2025-08-27 12:45:06.694
1171,17,2025-08-27 13:51:02.408,2025-08-26 16:10:39.535,2025-08-27 13:37:09.329
1172,17,2025-08-27 15:51:03.651,2025-08-26 16:10:39.535,2025-08-27 15:38:02.750
1173,17,2025-08-27 16:48:06.139,2025-08-27 10:42:10.852,2025-08-27 12:45:06.694
1174,17,2025-08-27 17:52:45.826,2025-08-27 16:22:33.842,2025-08-27 17:24:43.425
1175,17,2025-08-27 18:53:03.692,2025-08-27 10:42:10.852,2025-08-27 16:48:19.375
1176,17,2025-08-27 21:10:28.775,2025-08-27 16:22:33.842,2025-08-27 19:05:21.895
1177,17,2025-08-27 21:12:11.747,2025-08-27 10:42:10.852,2025-08-27 16:48:19.375
1178,17,2025-08-27 23:10:32.675,2025-08-27 16:22:31.405,2025-08-27 22:45:20.119
1179,17,2025-08-28 00:08:45.095,2025-08-27 10:42:10.852,2025-08-27 16:48:19.375
1180,17,2025-08-28 01:23:16.205,2025-08-27 16:22:31.405,2025-08-28 00:23:10.503
1181,17,2025-08-28 03:59:17.384,2025-08-27 16:22:31.405,2025-08-28 02:13:41.249
1182,17,2025-08-28 06:16:53.716,2025-08-27 16:22:31.405,2025-08-28 02:13:41.249
1183,17,2025-08-28 09:26:44.834,2025-08-27 16:22:31.405,2025-08-28 02:13:41.249
1184,19,2025-08-28 10:50:23.588,2025-08-28 03:09:26.821,2025-08-28 10:46:48.196
1185,17,2025-08-28 11:31:19.087,2025-08-27 16:22:31.405,2025-08-28 07:59:16.028
1186,19,2025-08-28 13:19:41.076,2025-08-28 03:09:26.821,2025-08-28 11:49:25.468
1187,17,2025-08-28 13:29:53.383,2025-08-26 16:10:39.535,2025-08-27 14:11:06.021
1188,17,2025-08-28 15:14:39.393,2025-08-22 11:15:41.600,2025-08-23 11:15:41.599
1189,17,2025-08-28 15:36:15.505,2025-08-27 16:22:31.405,2025-08-28 14:23:08.371
1190,17,2025-08-28 15:36:17.583,2025-08-27 16:22:31.405,2025-08-28 14:23:08.371
1191,17,2025-08-28 17:00:48.860,2025-08-26 16:10:39.535,2025-08-27 14:11:06.021
1192,17,2025-08-28 19:20:06.198,2025-08-28 11:43:03.081,2025-08-28 16:58:11.436
1193,17,2025-08-28 19:20:08.387,2025-08-28 11:43:03.081,2025-08-28 18:18:33.043
1194,8,2025-08-28 19:36:15.573,2025-08-28 09:46:13.861,2025-08-28 17:59:18.556
1195,17,2025-08-28 21:20:31.903,2025-08-28 11:43:03.081,2025-08-28 19:13:04.917
1196,8,2025-08-28 23:36:53.271,2025-08-28 09:46:13.861,2025-08-28 23:34:57.333
1197,17,2025-08-29 00:12:31.347,2025-08-28 11:43:03.081,2025-08-28 22:23:03.048
1198,17,2025-08-29 02:13:11.049,2025-08-28 11:43:03.081,2025-08-29 01:15:07.193
1199,17,2025-08-29 04:43:05.841,2025-08-28 11:43:03.081,2025-08-29 02:54:57.949
1200,17,2025-08-29 04:51:22.882,2025-08-28 16:26:21.937,2025-08-29 00:35:08.683
1201,8,2025-08-29 05:37:32.073,2025-08-28 09:46:13.861,2025-08-29 05:37:22.196
1202,17,2025-08-29 06:54:23.969,2025-08-28 16:26:21.937,2025-08-29 04:51:49.593
1203,17,2025-08-29 07:21:49.518,2025-08-28 11:43:03.081,2025-08-29 07:13:03.049
1204,17,2025-08-29 08:54:54.276,2025-08-28 16:26:21.937,2025-08-29 04:51:49.593
1205,17,2025-08-29 10:54:55.313,2025-08-28 16:26:21.937,2025-08-29 10:30:57.432
1206,17,2025-08-29 10:54:56.956,2025-08-28 16:26:21.937,2025-08-29 10:12:49.226
1207,8,2025-08-29 11:07:08.202,2025-08-28 09:46:13.861,2025-08-29 09:46:13.860
1208,19,2025-08-29 11:08:47.314,2025-08-28 15:45:09.678,2025-08-28 16:16:50.095
1209,17,2025-08-29 11:51:31.191,2025-08-29 11:46:40.086,2025-08-29 11:46:41.094
1210,17,2025-08-29 12:55:19.682,2025-08-28 16:26:21.937,2025-08-29 12:14:10.620
1211,17,2025-08-29 12:55:21.807,2025-08-28 16:26:21.937,2025-08-29 10:59:06.601
1212,17,2025-08-29 14:04:07.071,2025-08-29 11:46:40.086,2025-08-29 12:53:03.038
1213,17,2025-08-29 14:55:24.097,2025-08-28 16:26:21.937,2025-08-29 14:55:03.134
1214,19,2025-08-29 15:32:07.758,2025-08-28 15:45:09.678,2025-08-29 11:53:47.797
1215,19,2025-08-29 15:32:09.981,2025-08-28 15:45:09.678,2025-08-29 12:38:01.898
1216,19,2025-08-29 15:32:12.347,2025-08-28 15:45:09.678,2025-08-29 13:13:01.706
1217,17,2025-08-29 16:18:13.147,2025-08-29 11:46:40.086,2025-08-29 16:13:03.072
1218,17,2025-08-29 17:00:48.408,2025-08-28 16:26:21.937,2025-08-29 15:55:03.593
1219,17,2025-08-29 17:00:51.104,2025-08-29 16:31:30.769,2025-08-29 16:40:15.379
1220,19,2025-08-29 18:18:48.985,2025-08-28 04:09:08.642,2025-08-28 13:16:09.836
1221,17,2025-08-29 18:45:38.152,2025-08-29 11:46:40.086,2025-08-29 17:23:03.070
1222,17,2025-08-29 19:00:54.955,2025-08-29 16:31:30.769,2025-08-29 18:39:33.289
1223,17,2025-08-29 21:01:16.487,2025-08-29 16:31:30.769,2025-08-29 20:02:32.102
1224,17,2025-08-29 21:26:48.917,2025-08-29 11:46:40.086,2025-08-29 21:23:03.036
1225,17,2025-08-29 23:04:58.151,2025-08-29 16:31:30.769,2025-08-29 22:38:27.125
1226,17,2025-08-30 01:14:11.005,2025-08-29 16:31:30.769,2025-08-29 22:38:27.125
1227,17,2025-08-30 02:10:05.248,2025-08-29 11:46:40.086,2025-08-30 02:09:49.306
1228,17,2025-08-30 03:16:27.188,2025-08-29 16:31:30.769,2025-08-30 02:45:19.568
1229,17,2025-08-30 04:12:37.028,2025-08-29 11:46:40.086,2025-08-30 03:30:59.023
1230,17,2025-08-30 05:26:03.302,2025-08-29 16:31:30.769,2025-08-30 02:45:19.568
1231,17,2025-08-30 06:13:05.007,2025-08-29 11:46:40.086,2025-08-30 05:23:03.069
1232,17,2025-08-30 07:26:21.884,2025-08-29 16:31:30.769,2025-08-30 02:45:19.568
1233,17,2025-08-30 08:33:07.865,2025-08-29 11:46:40.086,2025-08-30 08:33:03.077
1234,17,2025-08-30 09:45:45.630,2025-08-29 16:31:30.769,2025-08-30 02:45:19.568
1235,17,2025-08-30 10:43:05.424,2025-08-29 11:46:40.086,2025-08-30 10:13:03.032
1236,17,2025-08-30 12:00:33.843,2025-08-29 16:31:30.769,2025-08-30 02:45:19.568
1237,17,2025-08-30 12:43:06.655,2025-08-30 11:48:03.187,2025-08-30 12:36:59.898
1238,17,2025-08-30 14:12:05.500,2025-08-29 16:31:30.769,2025-08-30 13:46:41.948
1239,17,2025-08-30 14:12:08.157,2025-08-29 16:31:30.769,2025-08-30 13:46:41.948
1240,17,2025-08-30 14:48:12.574,2025-08-30 11:48:03.187,2025-08-30 14:22:14.195
1241,17,2025-08-30 15:31:20.076,2025-08-30 11:48:03.187,2025-08-30 12:57:11.373
1242,17,2025-08-30 16:14:12.816,2025-08-29 16:31:30.769,2025-08-30 15:31:46.793
1243,17,2025-08-30 16:14:14.890,2025-08-29 16:31:30.769,2025-08-30 15:19:09.007
1244,8,2025-08-30 16:28:50.562,2025-08-30 09:54:55.217,2025-08-30 14:24:33.303
1245,17,2025-08-30 17:37:29.684,2025-08-30 11:48:03.187,2025-08-30 17:33:03.071
1246,17,2025-08-30 18:16:01.277,2025-08-29 16:31:30.769,2025-08-30 16:31:30.768
1247,8,2025-08-30 18:47:11.845,2025-08-30 09:54:55.217,2025-08-30 17:29:24.972
1248,17,2025-08-30 20:07:58.117,2025-08-30 11:48:03.187,2025-08-30 19:33:03.067
1249,17,2025-08-30 20:16:03.400,2025-08-30 16:33:54.932,2025-08-30 19:54:54.862
1250,8,2025-08-30 20:47:45.366,2025-08-30 09:54:55.217,2025-08-30 18:24:56.919
1251,17,2025-08-30 22:26:21.544,2025-08-30 16:33:54.932,2025-08-30 21:32:24.578
1252,17,2025-08-31 00:26:08.034,2025-08-30 11:48:03.187,2025-08-30 22:03:03.457
1253,8,2025-08-31 00:33:37.780,2025-08-30 09:54:55.217,2025-08-30 19:04:05.498
1254,17,2025-08-31 00:56:21.138,2025-08-30 16:33:54.932,2025-08-30 23:34:31.971
1255,17,2025-08-31 02:29:31.538,2025-08-30 11:48:03.187,2025-08-31 02:19:04.018
1256,17,2025-08-31 03:18:30.496,2025-08-30 16:33:54.932,2025-08-31 02:28:29.192
1257,17,2025-08-31 04:32:24.616,2025-08-30 11:48:03.187,2025-08-31 03:13:04.216
1258,8,2025-08-31 04:38:29.416,2025-08-30 09:54:55.217,2025-08-31 00:37:12.681
1259,17,2025-08-31 05:19:18.242,2025-08-30 16:33:54.932,2025-08-31 03:43:33.299
1260,17,2025-08-31 06:32:51.606,2025-08-30 11:48:03.187,2025-08-31 06:23:03.071
1261,17,2025-08-31 08:59:07.583,2025-08-30 16:33:51.967,2025-08-31 06:01:41.130
1262,17,2025-08-31 11:11:13.402,2025-08-30 11:48:03.187,2025-08-31 11:03:44.053
1263,17,2025-08-31 11:25:42.688,2025-08-30 16:33:51.967,2025-08-31 10:07:12.153
1264,17,2025-08-31 13:18:11.882,2025-08-31 11:48:03.459,2025-08-31 12:53:03.810
1265,17,2025-08-31 13:32:23.617,2025-08-30 16:33:51.967,2025-08-31 13:01:28.311
1266,17,2025-08-31 15:24:43.518,2025-08-31 11:48:03.459,2025-08-31 14:49:21.067
1267,17,2025-08-31 16:08:10.571,2025-08-30 16:33:51.967,2025-08-31 13:56:03.871
1268,8,2025-08-31 16:39:32.987,2025-08-30 09:54:55.217,2025-08-31 08:54:56.440
1269,17,2025-08-31 17:26:45.513,2025-08-31 11:48:03.459,2025-08-31 17:16:00.037
1270,17,2025-08-31 18:11:35.159,2025-08-31 16:33:52.416,2025-08-31 17:56:49.585
1271,17,2025-08-31 19:31:48.466,2025-08-31 11:48:03.459,2025-08-31 19:15:38.070
1272,17,2025-08-31 20:56:33.972,2025-08-31 16:33:52.416,2025-08-31 19:22:55.363
1273,17,2025-08-31 22:54:19.367,2025-08-31 11:48:03.459,2025-08-31 20:53:45.052
1274,17,2025-08-31 22:57:05.777,2025-08-31 16:33:52.416,2025-08-31 19:53:48.790
1275,17,2025-09-01 00:56:12.612,2025-08-31 11:48:03.459,2025-09-01 00:11:53.545
1276,17,2025-09-01 01:57:04.819,2025-08-31 16:33:52.416,2025-09-01 00:28:35.267
1277,17,2025-09-01 02:58:11.094,2025-08-31 11:48:03.459,2025-09-01 02:54:49.036
1278,17,2025-09-01 04:00:02.663,2025-08-31 16:33:52.416,2025-09-01 03:43:02.971
1279,17,2025-09-01 06:00:24.477,2025-08-31 11:48:03.459,2025-09-01 05:53:03.077
1280,17,2025-09-01 06:38:26.212,2025-08-31 16:33:52.416,2025-09-01 05:04:29.374
1281,17,2025-09-01 08:43:18.488,2025-08-31 16:33:52.416,2025-09-01 07:43:57.183
1282,17,2025-09-01 08:55:22.539,2025-08-31 11:48:03.459,2025-09-01 06:27:46.770
1283,17,2025-09-01 10:58:07.528,2025-08-31 11:48:03.459,2025-09-01 10:53:03.261
1284,17,2025-09-01 11:06:54.616,2025-08-31 16:33:52.416,2025-09-01 09:10:31.654
1285,17,2025-09-01 13:06:57.132,2025-08-31 16:33:52.416,2025-09-01 12:38:31.409
1286,17,2025-09-01 15:07:48.672,2025-08-31 16:33:52.416,2025-09-01 14:07:54.692
1287,17,2025-09-01 15:23:12.120,2025-09-01 11:51:01.033,2025-09-01 14:31:19.899
1288,17,2025-09-01 17:09:47.049,2025-09-01 16:33:54.426,2025-09-01 16:55:12.967
1289,17,2025-09-01 17:26:47.614,2025-09-01 11:51:01.033,2025-09-01 17:19:52.033
1290,19,2025-09-01 18:06:01.816,2025-09-01 15:48:25.057,2025-09-01 17:38:07.792
1291,17,2025-09-01 19:14:21.684,2025-09-01 16:33:51.859,2025-09-01 18:35:16.416
1292,19,2025-09-01 21:05:51.896,2025-09-01 15:48:25.057,2025-09-01 20:12:26.854
1293,19,2025-09-01 21:05:54.842,2025-09-01 15:48:25.057,2025-09-01 21:03:16.394
1294,17,2025-09-01 21:55:04.996,2025-09-01 16:33:51.859,2025-09-01 19:29:15.227
1295,17,2025-09-01 22:21:38.095,2025-09-01 11:51:01.033,2025-09-01 22:13:03.076
1296,19,2025-09-01 23:20:24.429,2025-09-01 15:48:25.057,2025-09-01 22:23:23.917
1297,17,2025-09-02 00:11:31.863,2025-09-01 16:33:51.859,2025-09-02 00:11:25.941
1298,17,2025-09-02 02:13:36.526,2025-09-01 16:33:51.859,2025-09-02 02:07:01.034
1299,17,2025-09-02 02:22:14.737,2025-09-01 11:51:01.033,2025-09-01 23:44:39.363
1300,19,2025-09-02 02:24:35.625,2025-09-01 15:48:25.057,2025-09-02 02:24:31.378
1301,17,2025-09-02 04:14:24.629,2025-09-01 16:33:51.859,2025-09-02 03:43:30.873
1302,17,2025-09-02 04:24:33.091,2025-09-01 11:51:01.033,2025-09-02 04:24:20.814
1303,17,2025-09-02 06:20:34.812,2025-09-01 16:33:51.859,2025-09-02 05:23:34.687
1304,17,2025-09-02 06:27:14.101,2025-09-01 11:51:01.033,2025-09-02 06:21:19.090
1305,19,2025-09-02 06:27:22.058,2025-09-01 15:48:25.057,2025-09-02 03:20:30.085
1306,17,2025-09-02 08:27:42.000,2025-09-01 11:51:01.033,2025-09-02 08:23:05.484
1307,19,2025-09-02 08:36:27.047,2025-09-01 15:48:25.057,2025-09-02 08:01:43.560
1308,17,2025-09-02 08:41:55.623,2025-09-01 16:33:51.859,2025-09-02 08:05:41.244
1309,17,2025-09-02 10:50:22.662,2025-09-01 16:33:51.859,2025-09-02 09:43:51.067
1310,17,2025-09-02 10:51:24.140,2025-09-01 11:51:01.033,2025-09-02 10:13:03.033
1311,19,2025-09-02 10:53:30.351,2025-09-01 15:48:25.057,2025-09-02 09:19:44.799
1312,19,2025-09-02 10:53:32.145,2025-09-01 15:48:25.057,2025-09-02 09:41:44.361
1313,19,2025-09-02 12:54:02.711,2025-09-01 15:48:25.057,2025-09-02 12:06:25.934
1314,19,2025-09-02 12:54:04.647,2025-09-01 15:48:25.057,2025-09-02 12:28:04.613
1315,17,2025-09-02 13:26:45.401,2025-09-01 16:33:51.859,2025-09-02 12:29:15.757
1316,17,2025-09-02 14:43:10.254,2025-09-01 11:51:01.033,2025-09-02 10:43:03.083
1317,19,2025-09-02 14:56:04.140,2025-09-01 15:48:25.057,2025-09-02 14:07:52.295
1318,17,2025-09-02 15:28:13.771,2025-09-01 16:33:51.859,2025-09-02 15:28:09.234
1319,19,2025-09-02 16:57:44.352,2025-09-01 15:48:25.057,2025-09-02 15:48:25.056
1320,19,2025-09-02 16:57:45.321,2025-09-02 15:53:33.014,2025-09-02 16:26:16.045
1321,17,2025-09-02 17:33:10.294,2025-09-01 16:33:51.859,2025-09-02 16:24:01.336
1322,19,2025-09-02 19:08:02.156,2025-09-02 15:53:33.014,2025-09-02 18:57:55.300
1323,17,2025-09-02 19:25:53.770,2025-09-02 11:53:03.039,2025-09-02 19:18:03.067
1324,17,2025-09-02 21:28:01.687,2025-09-02 11:53:03.039,2025-09-02 21:09:15.038
1325,17,2025-09-02 21:50:39.736,2025-09-02 16:33:54.133,2025-09-02 20:55:27.940
1326,19,2025-09-02 22:06:24.187,2025-09-02 15:53:33.014,2025-09-02 20:48:03.192
1327,19,2025-09-02 22:06:27.146,2025-09-02 15:53:33.014,2025-09-02 22:04:46.718
1328,17,2025-09-03 00:23:06.102,2025-09-02 16:33:54.133,2025-09-03 00:23:02.969
1329,17,2025-09-03 00:28:10.923,2025-09-02 11:53:03.039,2025-09-03 00:28:03.027
1330,17,2025-09-03 02:43:03.185,2025-09-02 16:33:54.133,2025-09-03 01:34:16.569
1331,17,2025-09-03 04:54:17.552,2025-09-02 16:33:54.133,2025-09-03 04:00:01.095
1332,17,2025-09-03 05:26:56.621,2025-09-02 11:53:03.039,2025-09-03 01:23:03.062
1333,17,2025-09-03 06:56:15.652,2025-09-02 16:33:51.548,2025-09-03 06:25:26.136
1334,17,2025-09-03 08:03:07.429,2025-09-02 11:53:03.039,2025-09-03 06:23:03.057
1335,19,2025-09-03 08:36:42.320,2025-09-02 15:53:29.960,2025-09-02 22:45:55.658
1336,17,2025-09-03 09:31:01.485,2025-09-02 16:33:51.548,2025-09-03 08:04:36.338
1337,17,2025-09-03 11:27:31.734,2025-09-02 11:53:03.039,2025-09-03 09:53:03.079
1338,17,2025-09-03 12:09:34.197,2025-09-02 16:33:51.548,2025-09-03 08:04:36.338
1339,17,2025-09-03 13:28:09.399,2025-09-02 11:53:03.039,2025-09-03 11:23:03.079
1340,17,2025-09-03 14:19:38.649,2025-09-02 16:33:51.548,2025-09-03 08:04:36.338
1341,19,2025-09-03 15:23:40.098,2025-09-02 15:53:29.960,2025-09-03 09:27:06.354
1342,19,2025-09-03 15:23:41.769,2025-09-02 15:53:29.960,2025-09-03 10:07:26.721
1343,19,2025-09-03 22:21:34.275,2025-09-03 15:53:30.886,2025-09-03 21:04:00.122
1344,19,2025-09-03 22:21:35.806,2025-09-03 15:53:30.886,2025-09-03 21:23:01.529
1345,17,2025-09-03 22:38:54.611,2025-09-02 16:33:51.548,2025-09-03 16:33:51.547
1346,19,2025-09-04 00:28:14.972,2025-09-03 15:53:30.886,2025-09-03 23:10:39.641
1347,17,2025-09-04 00:48:28.705,2025-09-03 16:33:52.691,2025-09-04 00:26:20.554
1348,19,2025-09-04 02:28:44.653,2025-09-03 15:53:30.886,2025-09-03 23:10:39.641
1349,17,2025-09-04 02:49:54.488,2025-09-03 16:33:52.691,2025-09-04 02:46:25.558
1350,17,2025-09-04 04:50:04.677,2025-09-03 16:33:52.691,2025-09-04 03:43:31.676
1351,19,2025-09-04 06:27:39.799,2025-09-03 15:53:30.886,2025-09-04 02:29:01.609
1352,17,2025-09-04 06:50:36.114,2025-09-03 16:33:52.691,2025-09-04 06:13:11.965
1353,19,2025-09-04 08:29:14.013,2025-09-03 15:53:30.886,2025-09-04 07:20:11.076
1354,19,2025-09-04 08:29:15.711,2025-09-03 15:53:30.886,2025-09-04 08:05:28.086
1355,17,2025-09-04 09:05:23.835,2025-09-03 16:33:52.691,2025-09-04 07:18:08.553
1356,17,2025-09-04 11:06:24.270,2025-09-03 16:33:52.691,2025-09-04 10:28:20.108
1357,17,2025-09-04 13:14:37.236,2025-09-03 16:33:52.691,2025-09-04 12:45:39.909
1358,17,2025-09-04 15:35:57.296,2025-09-03 16:33:52.691,2025-09-04 14:33:16.132
1359,17,2025-09-04 17:39:28.211,2025-09-03 16:33:52.691,2025-09-04 16:33:52.690
1360,19,2025-09-04 17:39:33.537,2025-08-29 09:05:39.904,2025-08-29 18:18:00.094
1361,17,2025-09-04 22:33:48.536,2025-09-04 16:33:51.510,2025-09-04 21:00:01.812
1362,19,2025-09-04 23:06:55.150,2025-09-04 15:54:58.694,2025-09-04 23:01:12.495
1363,19,2025-09-04 23:06:57.319,2025-09-04 15:54:58.694,2025-09-04 23:01:12.495
1364,17,2025-09-05 00:37:12.196,2025-09-04 16:33:51.510,2025-09-05 00:00:00.503
1365,17,2025-09-05 02:37:54.257,2025-09-04 16:33:51.510,2025-09-05 00:37:11.547
1366,17,2025-09-05 04:56:13.299,2025-09-04 16:33:51.510,2025-09-05 03:52:41.090
1367,17,2025-09-05 07:07:17.954,2025-09-04 16:33:51.510,2025-09-05 06:00:00.917
1368,17,2025-09-05 09:26:46.414,2025-09-04 16:33:51.510,2025-09-05 09:00:00.466
1369,19,2025-09-05 10:36:06.382,2025-09-04 15:54:58.694,2025-09-05 09:01:57.274
1370,19,2025-09-05 10:36:09.708,2025-09-04 15:54:58.694,2025-09-05 09:59:26.402
1371,19,2025-09-05 10:36:13.187,2025-09-04 15:54:58.694,2025-09-05 09:59:26.402
1372,17,2025-09-05 11:35:12.918,2025-09-04 16:33:51.510,2025-09-05 09:00:00.466
1373,16,2025-09-05 12:22:16.867,2025-09-05 09:14:54.501,2025-09-05 09:40:32.644
1374,17,2025-09-05 13:36:39.496,2025-09-04 16:33:51.510,2025-09-05 12:30:52.140
1375,16,2025-09-05 14:26:34.323,2025-09-05 09:14:54.501,2025-09-05 12:25:19.725
1376,19,2025-09-05 14:37:17.152,2025-09-04 15:54:58.694,2025-09-05 12:33:21.665
1377,19,2025-09-05 14:37:19.105,2025-09-04 15:54:58.694,2025-09-05 13:18:16.020
1378,19,2025-09-05 14:37:21.290,2025-09-04 15:54:58.694,2025-09-05 14:16:34.696
1379,17,2025-09-05 15:43:54.548,2025-09-04 16:33:51.510,2025-09-05 13:29:34.782
1380,19,2025-09-05 16:53:22.182,2025-09-04 15:54:58.694,2025-09-05 14:33:42.818
1381,19,2025-09-05 16:53:24.557,2025-09-05 15:55:51.400,2025-09-05 16:15:03.833
1382,16,2025-09-05 16:56:34.112,2025-09-05 09:14:54.501,2025-09-05 12:25:19.725
1383,17,2025-09-05 17:43:56.111,2025-09-05 16:42:01.474,2025-09-05 17:42:22.392
1384,19,2025-09-05 19:15:18.940,2025-09-05 15:55:51.400,2025-09-05 18:56:06.875
1385,16,2025-09-05 19:31:14.253,2025-09-05 09:14:54.501,2025-09-05 17:08:17.903
1386,17,2025-09-05 20:17:08.764,2025-09-05 16:42:01.474,2025-09-05 17:47:08.704
1387,16,2025-09-05 21:32:52.611,2025-09-05 09:14:54.501,2025-09-05 17:08:17.903
1388,17,2025-09-05 22:26:11.101,2025-09-05 16:42:01.474,2025-09-05 21:59:39.671
1389,17,2025-09-06 00:33:53.732,2025-09-05 16:42:01.474,2025-09-05 21:59:39.671
1390,19,2025-09-06 00:41:00.719,2025-09-05 15:55:49.345,2025-09-05 23:30:33.868
1391,19,2025-09-06 00:41:02.908,2025-09-05 15:55:49.345,2025-09-06 00:01:50.324
1392,16,2025-09-06 01:33:22.284,2025-09-05 09:14:54.501,2025-09-05 19:39:09.195
1393,17,2025-09-06 02:40:43.838,2025-09-05 16:42:01.474,2025-09-06 01:40:53.565
1394,19,2025-09-06 04:12:34.009,2025-09-05 15:55:49.345,2025-09-06 00:56:54.900
1395,17,2025-09-06 05:00:07.319,2025-09-05 16:42:01.474,2025-09-06 01:40:53.565
1396,19,2025-09-06 06:30:01.611,2025-09-05 15:55:49.345,2025-09-06 04:12:18.339
1397,17,2025-09-06 07:25:03.107,2025-09-05 16:42:01.474,2025-09-06 05:07:41.603
1398,19,2025-09-06 08:35:46.304,2025-09-05 15:55:49.345,2025-09-06 04:15:07.458
1399,17,2025-09-06 09:25:46.929,2025-09-05 16:41:59.047,2025-09-06 07:13:47.137
1400,16,2025-09-06 10:12:12.112,2025-09-05 09:14:54.501,2025-09-06 01:33:59.775
1401,17,2025-09-06 11:42:02.055,2025-09-05 16:41:59.047,2025-09-06 07:13:47.137
1402,16,2025-09-06 12:12:53.233,2025-09-06 09:22:41.009,2025-09-06 11:27:53.461
1403,19,2025-09-06 12:40:54.423,2025-09-05 15:55:49.345,2025-09-06 08:49:34.148
1404,17,2025-09-06 13:46:15.846,2025-09-05 16:41:59.047,2025-09-06 07:13:47.137
1405,16,2025-09-06 15:29:58.567,2025-09-06 09:22:41.009,2025-09-06 12:29:18.172
1406,19,2025-09-06 15:30:36.523,2025-09-05 15:55:49.345,2025-09-06 12:35:24.321
1407,19,2025-09-06 15:30:38.502,2025-09-05 15:55:49.345,2025-09-06 13:21:42.576
1408,17,2025-09-06 15:46:44.041,2025-09-05 16:41:59.047,2025-09-06 14:14:57.857
1409,17,2025-09-06 15:46:45.755,2025-09-05 16:41:59.047,2025-09-06 14:14:57.857
1410,19,2025-09-06 17:32:47.719,2025-09-05 15:55:49.345,2025-09-06 15:55:49.344
1411,19,2025-09-06 17:32:50.651,2025-09-06 15:57:09.766,2025-09-06 17:10:19.690
1412,19,2025-09-06 17:32:52.846,2025-09-06 15:57:09.766,2025-09-06 17:16:49.328
1413,16,2025-09-06 17:35:02.004,2025-09-06 09:22:41.009,2025-09-06 15:50:02.415
1414,17,2025-09-06 17:58:13.282,2025-09-05 16:41:59.047,2025-09-06 16:41:59.046
1415,8,2025-09-06 18:52:40.617,2025-09-06 10:40:47.593,2025-09-06 16:05:42.624
1416,16,2025-09-06 19:42:35.086,2025-09-06 09:22:41.009,2025-09-06 17:35:02.268
1417,17,2025-09-06 19:58:17.300,2025-09-06 16:44:34.659,2025-09-06 19:45:41.635
1418,16,2025-09-06 21:43:37.056,2025-09-06 09:22:41.009,2025-09-06 17:35:02.268
1419,17,2025-09-06 22:04:42.601,2025-09-06 16:44:34.659,2025-09-06 20:25:13.205
1420,8,2025-09-06 22:14:15.448,2025-09-06 10:40:47.593,2025-09-06 16:05:42.624
1421,19,2025-09-06 22:57:13.684,2025-09-06 15:57:09.766,2025-09-06 19:17:48.132
1422,19,2025-09-06 22:57:16.239,2025-09-06 15:57:09.766,2025-09-06 20:56:12.822
1423,17,2025-09-07 00:05:55.901,2025-09-06 16:44:34.659,2025-09-06 22:14:52.711
1424,16,2025-09-07 01:44:12.347,2025-09-06 09:22:41.009,2025-09-06 21:48:56.565
1425,17,2025-09-07 02:26:09.264,2025-09-06 16:44:34.659,2025-09-07 00:56:10.222
1426,19,2025-09-07 02:34:33.548,2025-09-06 15:57:09.766,2025-09-06 20:56:12.822
1427,8,2025-09-07 04:14:42.581,2025-09-06 10:40:47.593,2025-09-06 16:05:42.624
1428,17,2025-09-07 04:54:19.940,2025-09-06 16:44:34.659,2025-09-07 03:43:32.190
1429,19,2025-09-07 06:29:59.912,2025-09-06 15:57:09.766,2025-09-06 20:56:12.822
1430,17,2025-09-07 06:56:09.606,2025-09-06 16:44:34.659,2025-09-07 06:14:52.450
1431,16,2025-09-07 07:44:44.491,2025-09-06 09:22:41.009,2025-09-07 03:47:52.975
1432,17,2025-09-07 09:16:01.589,2025-09-06 16:44:34.659,2025-09-07 06:14:52.450
1433,16,2025-09-07 10:02:04.988,2025-09-06 09:22:41.009,2025-09-07 03:47:52.975
1434,19,2025-09-07 10:02:46.444,2025-09-06 15:57:09.766,2025-09-07 10:02:29.409
1435,8,2025-09-07 10:11:25.682,2025-09-06 10:40:47.593,2025-09-07 04:15:41.485
1436,17,2025-09-07 12:00:05.417,2025-09-06 16:44:34.659,2025-09-07 09:14:40.698
1437,19,2025-09-07 12:04:02.201,2025-09-06 15:57:07.639,2025-09-07 11:30:58.527
1438,17,2025-09-07 14:01:07.458,2025-09-06 16:44:34.659,2025-09-07 12:44:41.386
1439,19,2025-09-07 14:13:48.472,2025-09-06 15:57:07.639,2025-09-07 12:44:26.739
1440,19,2025-09-07 16:21:13.879,2025-09-06 15:57:07.639,2025-09-07 15:57:07.638
1441,19,2025-09-07 16:21:16.236,2025-09-07 16:00:00.579,2025-09-07 16:06:59.324
1442,17,2025-09-07 16:23:00.745,2025-09-06 16:44:34.659,2025-09-07 12:44:41.386
1443,17,2025-09-07 18:23:02.358,2025-09-07 16:50:25.342,2025-09-07 18:20:59.886
1444,19,2025-09-07 18:25:01.671,2025-09-07 16:00:00.579,2025-09-07 17:33:07.310
1445,17,2025-09-07 20:30:27.094,2025-09-07 16:50:22.849,2025-09-07 19:14:57.770
1446,19,2025-09-07 20:45:29.737,2025-09-07 16:00:00.579,2025-09-07 19:16:55.600
1447,17,2025-09-07 22:30:55.403,2025-09-07 16:50:22.849,2025-09-07 21:00:01.467
1448,19,2025-09-07 22:51:03.788,2025-09-07 16:00:00.579,2025-09-07 22:13:59.952
1449,17,2025-09-08 00:56:07.081,2025-09-07 16:50:22.849,2025-09-07 22:31:00.795
1450,19,2025-09-08 02:02:46.032,2025-09-07 16:00:00.579,2025-09-07 22:53:57.480
1451,17,2025-09-08 03:13:31.573,2025-09-07 16:50:22.849,2025-09-08 02:37:35.743
1452,17,2025-09-08 05:14:54.342,2025-09-07 16:50:22.849,2025-09-08 04:36:35.733
1453,19,2025-09-08 06:03:59.203,2025-09-07 16:00:00.579,2025-09-08 06:03:46.372
1454,17,2025-09-08 07:26:07.400,2025-09-07 16:50:22.849,2025-09-08 06:14:54.361
1455,19,2025-09-08 08:57:00.922,2025-09-07 16:00:00.579,2025-09-08 06:03:46.372
1456,17,2025-09-08 09:57:22.992,2025-09-07 16:50:22.849,2025-09-08 09:54:12.409
1457,17,2025-09-08 11:58:07.632,2025-09-07 16:50:22.849,2025-09-08 10:50:56.615
1458,19,2025-09-08 13:57:18.067,2025-09-07 16:00:00.579,2025-09-08 13:35:10.022
1459,17,2025-09-08 14:06:05.219,2025-09-07 16:50:22.849,2025-09-08 13:36:03.395
1460,19,2025-09-08 15:32:10.726,2025-09-04 23:44:29.124,2025-09-05 07:16:14.880
1461,19,2025-09-08 15:57:51.523,2025-09-07 16:00:00.579,2025-09-08 15:40:05.102
1462,19,2025-09-08 15:57:52.905,2025-09-07 16:00:00.579,2025-09-08 15:18:45.112
1463,17,2025-09-08 16:06:06.946,2025-09-07 16:50:22.849,2025-09-08 15:52:04.435
1464,19,2025-09-08 18:04:40.421,2025-09-08 16:00:38.485,2025-09-08 17:55:47.830
1465,17,2025-09-08 18:14:57.846,2025-09-08 16:51:50.562,2025-09-08 18:00:01.914
1466,19,2025-09-08 20:19:27.619,2025-09-08 16:00:38.485,2025-09-08 20:19:24.130
1467,17,2025-09-08 21:09:22.717,2025-09-08 16:51:50.562,2025-09-08 18:13:43.124
1468,19,2025-09-08 22:20:07.458,2025-09-08 16:00:38.485,2025-09-08 21:19:39.336
1469,19,2025-09-08 22:20:09.216,2025-09-08 16:00:38.485,2025-09-08 22:06:42.639
1470,17,2025-09-09 00:10:21.425,2025-09-08 16:51:50.562,2025-09-08 21:20:55.461
1471,19,2025-09-09 00:57:45.620,2025-09-08 16:00:36.317,2025-09-09 00:09:04.589
1472,17,2025-09-09 02:13:45.362,2025-09-08 16:51:50.562,2025-09-09 01:38:04.632
1473,19,2025-09-09 02:58:19.953,2025-09-08 16:00:36.317,2025-09-09 00:09:04.589
1474,17,2025-09-09 04:17:53.956,2025-09-08 16:51:50.562,2025-09-09 03:43:32.264
1475,17,2025-09-09 06:56:05.957,2025-09-08 16:51:50.562,2025-09-09 05:07:59.984
1476,19,2025-09-09 08:36:01.366,2025-09-08 16:00:36.317,2025-09-09 03:02:35.149
1477,17,2025-09-09 08:45:04.743,2025-09-08 12:03:03.078,2025-09-09 07:23:03.056
1478,17,2025-09-09 09:04:02.887,2025-09-08 16:51:48.068,2025-09-09 08:20:43.242
1479,17,2025-09-09 10:45:37.340,2025-09-08 12:03:03.078,2025-09-09 10:43:03.072
1480,19,2025-09-09 11:31:17.948,2025-09-08 16:00:36.317,2025-09-09 09:12:22.735
1481,17,2025-09-09 12:03:01.712,2025-09-08 16:51:48.068,2025-09-09 09:04:04.069
1482,17,2025-09-09 12:19:01.454,2025-09-08 12:03:03.078,2025-09-09 05:50:31.985
1483,17,2025-09-09 12:22:59.802,2025-09-05 16:42:01.474,2025-09-05 20:25:42.431
1484,19,2025-09-09 13:18:25.498,2025-09-09 04:43:46.155,2025-09-09 13:18:16.604
1485,19,2025-09-09 13:32:01.722,2025-09-08 16:00:36.317,2025-09-09 11:42:52.331
1486,17,2025-09-09 14:52:48.310,2025-09-08 16:51:48.068,2025-09-09 13:21:34.061
1487,17,2025-09-09 15:02:19.889,2025-09-09 13:55:41.680,2025-09-09 15:01:19.725
1488,16,2025-09-09 15:11:23.264,2025-09-08 09:26:50.649,2025-09-09 09:26:50.648
1489,19,2025-09-09 15:18:25.750,2025-09-09 04:43:46.155,2025-09-09 15:03:59.164
1490,19,2025-09-09 15:32:03.069,2025-09-08 16:00:36.317,2025-09-09 15:30:31.986
1491,17,2025-09-09 16:33:04.821,2025-09-09 12:03:24.474,2025-09-09 16:23:03.034
1492,17,2025-09-09 16:53:34.201,2025-09-08 16:51:48.068,2025-09-09 16:51:48.067
1493,19,2025-09-09 17:18:24.621,2025-09-09 04:52:51.921,2025-09-09 16:53:05.359
1494,19,2025-09-09 17:32:44.055,2025-09-09 16:00:47.778,2025-09-09 16:57:26.722
1495,17,2025-09-09 17:37:05.147,2025-09-08 12:03:03.078,2025-09-09 05:50:31.985
1496,17,2025-09-09 17:45:18.431,2025-09-08 12:03:03.078,2025-09-09 05:50:31.985
1497,22,2025-09-09 18:12:42.239,2025-09-09 18:11:25.213,2025-09-09 18:11:31.866
1498,17,2025-09-09 20:04:27.860,2025-09-09 12:03:24.474,2025-09-09 18:53:03.067
1499,17,2025-09-09 22:04:59.957,2025-09-09 12:03:24.474,2025-09-09 22:03:03.041
1500,19,2025-09-09 22:21:36.497,2025-09-09 16:00:47.778,2025-09-09 17:30:27.675
1501,19,2025-09-09 23:18:22.233,2025-09-09 06:58:16.256,2025-09-09 23:02:54.068
1502,19,2025-09-10 00:46:33.674,2025-09-09 16:00:47.778,2025-09-09 22:21:38.988
1503,19,2025-09-10 04:06:17.017,2025-09-09 16:00:47.778,2025-09-09 22:21:38.988
1504,17,2025-09-10 04:47:00.231,2025-09-09 12:03:24.474,2025-09-10 04:43:03.041
1505,17,2025-09-10 05:50:45.546,2025-09-05 16:42:01.474,2025-09-05 20:25:42.431
1506,19,2025-09-10 06:29:59.735,2025-09-09 16:00:47.778,2025-09-09 22:21:38.988
1507,17,2025-09-10 07:51:21.088,2025-09-09 12:03:24.474,2025-09-10 06:43:03.038
1508,17,2025-09-10 07:51:59.040,2025-09-09 16:53:29.957,2025-09-10 06:25:06.871
1509,17,2025-09-10 08:40:39.191,2025-09-05 16:42:01.474,2025-09-05 20:25:42.431
1510,19,2025-09-10 08:50:02.731,2025-09-09 16:00:47.778,2025-09-10 08:11:38.211
1511,20,2025-09-10 08:51:39.444,2025-09-09 19:07:26.360,2025-09-09 22:18:50.779
1512,17,2025-09-10 09:51:50.022,2025-09-09 12:03:24.474,2025-09-10 09:43:03.042
1513,17,2025-09-10 10:43:49.142,2025-09-09 16:53:29.957,2025-09-10 09:00:06.219
1514,19,2025-09-10 10:54:42.470,2025-09-09 16:00:47.778,2025-09-10 09:04:10.892
1515,19,2025-09-10 12:21:44.177,2025-09-09 15:53:56.771,2025-09-10 12:14:11.921
1516,17,2025-09-10 12:44:32.275,2025-09-09 16:53:29.957,2025-09-10 12:15:11.068
1517,20,2025-09-10 12:48:03.062,2025-09-10 05:57:56.776,2025-09-10 10:25:28.779
1518,19,2025-09-10 13:06:07.672,2025-09-09 16:00:45.503,2025-09-10 12:39:01.739
1519,17,2025-09-10 13:52:26.435,2025-09-09 12:03:24.474,2025-09-10 11:00:20.036
1520,19,2025-09-10 14:21:45.201,2025-09-09 15:53:56.771,2025-09-10 14:14:12.335
1521,22,2025-09-10 15:02:01.362,2025-09-09 18:11:25.213,2025-09-10 01:43:15.916
1522,22,2025-09-10 15:02:03.145,2025-09-09 18:11:25.213,2025-09-10 14:40:27.342
1523,19,2025-09-10 15:17:04.647,2025-09-09 16:00:45.503,2025-09-10 13:02:00.359
1524,17,2025-09-10 15:49:02.720,2025-09-09 16:53:29.957,2025-09-10 12:53:08.661
1525,17,2025-09-10 16:13:19.754,2025-09-05 16:42:01.474,2025-09-05 20:25:42.431
1526,17,2025-09-10 16:16:55.342,2025-09-05 16:42:01.474,2025-09-05 20:25:42.431
1527,19,2025-09-10 16:21:46.141,2025-09-09 15:53:56.771,2025-09-10 15:53:56.770
1528,17,2025-09-10 16:24:27.324,2025-09-05 16:42:01.474,2025-09-05 20:25:42.431
1529,17,2025-09-10 16:32:16.049,2025-09-08 12:03:03.078,2025-09-09 05:50:31.985
1530,22,2025-09-10 17:02:39.786,2025-09-09 18:11:25.213,2025-09-10 16:49:51.199
1531,19,2025-09-10 17:57:09.975,2025-09-10 16:00:54.628,2025-09-10 16:55:04.225
1532,17,2025-09-10 18:35:56.899,2025-09-10 12:05:00.044,2025-09-10 17:25:24.839
1533,17,2025-09-10 18:38:54.680,2025-09-10 16:58:49.120,2025-09-10 18:38:54.621
1534,22,2025-09-10 19:11:43.743,2025-09-09 18:11:25.213,2025-09-10 17:56:35.949
1535,19,2025-09-10 19:57:24.938,2025-09-10 16:00:54.628,2025-09-10 19:45:22.797
1536,19,2025-09-10 20:00:11.960,2025-09-06 15:57:09.766,2025-09-06 19:17:48.132
1537,19,2025-09-10 20:00:13.420,2025-09-06 15:57:09.766,2025-09-06 19:08:03.633
1538,19,2025-09-10 20:21:47.292,2025-09-10 15:53:58.925,2025-09-10 20:14:13.822
1539,17,2025-09-10 20:36:44.586,2025-09-10 12:05:00.044,2025-09-10 20:33:03.127
1540,17,2025-09-10 20:39:36.008,2025-09-10 16:58:46.582,2025-09-10 20:12:38.129
1541,20,2025-09-10 22:18:01.950,2025-09-10 10:45:04.322,2025-09-10 15:42:51.263
1542,17,2025-09-10 22:48:59.429,2025-09-10 16:58:46.582,2025-09-10 21:54:08.318
1543,17,2025-09-10 22:59:18.342,2025-09-10 12:05:00.044,2025-09-10 21:43:03.064
1544,19,2025-09-10 23:20:35.327,2025-09-10 16:00:54.628,2025-09-10 20:25:23.092
1545,17,2025-09-11 00:59:47.031,2025-09-10 12:05:00.044,2025-09-11 00:53:03.905
1546,17,2025-09-11 01:01:57.152,2025-09-10 16:58:46.582,2025-09-10 23:13:44.028
1547,19,2025-09-11 02:25:57.391,2025-09-10 16:00:54.628,2025-09-10 23:22:30.796
1548,17,2025-09-11 03:15:17.383,2025-09-10 16:58:46.582,2025-09-10 23:13:44.028
1549,17,2025-09-11 05:00:19.958,2025-09-10 12:05:00.044,2025-09-11 04:53:03.069
1550,17,2025-09-11 05:52:41.681,2025-09-10 16:58:46.582,2025-09-11 04:00:05.465
1551,19,2025-09-11 06:26:42.432,2025-09-10 16:00:54.628,2025-09-10 23:22:30.796
1552,17,2025-09-11 08:43:07.609,2025-09-10 12:05:00.044,2025-09-11 06:30:01.379
1553,17,2025-09-11 08:44:25.079,2025-09-10 16:58:46.582,2025-09-11 07:27:52.820
1554,19,2025-09-11 09:07:09.722,2025-09-10 16:00:54.628,2025-09-11 09:06:58.090
1555,17,2025-09-11 10:50:27.312,2025-09-10 12:05:00.044,2025-09-11 10:25:08.335
1556,17,2025-09-11 11:15:06.735,2025-09-10 16:58:46.582,2025-09-11 08:45:46.061
1557,19,2025-09-11 11:33:46.375,2025-09-11 05:25:55.347,2025-09-11 11:26:10.754
1558,19,2025-09-11 11:34:59.850,2025-09-10 16:00:54.628,2025-09-11 09:17:16.865
1559,19,2025-09-11 12:51:58.836,2025-09-06 15:57:09.766,2025-09-06 19:17:48.132
1560,19,2025-09-11 12:51:59.644,2025-09-06 15:57:09.766,2025-09-06 19:08:03.633
1561,17,2025-09-11 12:59:28.629,2025-09-10 12:05:00.044,2025-09-11 12:05:00.043
1562,19,2025-09-11 13:46:20.510,2025-09-11 05:45:41.910,2025-09-11 13:45:57.790
1563,17,2025-09-11 14:17:39.526,2025-09-10 16:58:46.582,2025-09-11 08:45:46.061
1564,19,2025-09-11 15:01:48.666,2025-09-10 16:00:54.628,2025-09-11 13:52:28.905
1565,20,2025-09-11 15:31:09.089,2025-09-10 16:58:41.185,2025-09-11 06:42:45.617
1566,19,2025-09-11 15:46:25.718,2025-09-11 05:56:39.431,2025-09-11 15:36:55.662
1567,17,2025-09-11 17:06:01.612,2025-09-10 16:58:46.582,2025-09-11 12:19:58.675
1568,19,2025-09-11 17:46:25.867,2025-09-11 05:56:39.431,2025-09-11 17:36:56.350
1569,19,2025-09-11 17:53:17.387,2025-09-11 16:00:57.661,2025-09-11 16:57:56.604
1570,19,2025-09-11 17:53:19.573,2025-09-11 16:00:57.661,2025-09-11 16:57:56.617
1571,20,2025-09-11 18:58:18.002,2025-09-09 19:15:05.720,2025-09-10 10:53:29.945
1572,17,2025-09-11 18:58:49.154,2025-09-05 16:42:01.474,2025-09-05 20:25:42.431
1573,17,2025-09-11 21:20:16.464,2025-09-11 17:06:03.366,2025-09-11 19:04:21.957
1574,19,2025-09-11 22:37:36.352,2025-09-11 16:00:57.661,2025-09-11 18:44:56.182
1575,17,2025-09-11 23:21:36.334,2025-09-11 17:06:03.366,2025-09-11 23:06:11.535
1576,19,2025-09-12 01:48:22.732,2025-09-11 16:00:57.661,2025-09-11 22:46:16.589
1577,17,2025-09-12 02:24:18.201,2025-09-11 17:06:03.366,2025-09-12 00:23:45.866
1578,19,2025-09-12 05:57:40.871,2025-09-11 16:00:55.450,2025-09-12 03:30:52.786
1579,19,2025-09-12 08:14:58.542,2025-09-11 16:00:55.450,2025-09-12 03:30:52.786
1580,17,2025-09-12 08:32:04.997,2025-09-11 17:06:00.937,2025-09-12 07:55:58.817
1581,20,2025-09-12 09:18:51.156,2025-09-11 09:16:45.174,2025-09-11 19:02:52.234
1582,17,2025-09-12 10:32:50.188,2025-09-11 17:06:00.937,2025-09-12 09:03:51.271
1583,19,2025-09-12 10:39:35.897,2025-09-11 16:00:55.450,2025-09-12 09:39:38.301
1584,19,2025-09-12 11:11:43.005,2025-09-10 16:00:54.628,2025-09-11 13:32:28.706
1585,20,2025-09-12 11:28:50.358,2025-09-11 18:57:52.657,2025-09-12 11:28:35.714
1586,17,2025-09-12 12:48:53.912,2025-09-11 17:06:00.937,2025-09-12 12:27:23.119
1587,19,2025-09-12 13:12:29.105,2025-09-11 16:00:55.450,2025-09-12 13:03:07.313
1588,17,2025-09-12 13:33:18.342,2025-09-11 12:10:55.007,2025-09-12 12:09:04.234
1589,19,2025-09-12 14:00:10.167,2025-09-11 21:46:34.973,2025-09-12 13:26:52.849
1590,20,2025-09-12 14:09:59.511,2025-09-11 18:57:52.657,2025-09-12 12:53:12.402
1591,19,2025-09-12 15:28:10.106,2025-09-11 16:00:55.450,2025-09-12 14:09:23.081
1592,17,2025-09-12 15:46:01.010,2025-09-11 17:06:00.937,2025-09-12 12:48:56.191
1593,19,2025-09-12 17:30:21.154,2025-09-12 16:05:00.125,2025-09-12 16:59:37.169
1594,17,2025-09-12 17:53:33.759,2025-09-11 17:06:00.937,2025-09-12 15:59:20.505
1595,17,2025-09-12 19:53:38.088,2025-09-12 17:15:25.425,2025-09-12 19:38:18.587
1596,19,2025-09-12 20:48:01.337,2025-09-12 16:05:00.125,2025-09-12 17:38:24.512
1597,17,2025-09-12 22:24:07.214,2025-09-12 17:15:25.425,2025-09-12 22:18:19.798
1598,19,2025-09-12 23:51:02.535,2025-09-12 16:05:00.125,2025-09-12 19:25:53.788
1599,17,2025-09-13 00:24:14.551,2025-09-12 17:15:25.425,2025-09-13 00:13:03.429
1600,17,2025-09-13 02:34:04.456,2025-09-12 17:15:25.425,2025-09-13 02:15:03.590
1601,19,2025-09-13 03:51:45.395,2025-09-12 16:05:00.125,2025-09-12 22:49:36.704
1602,17,2025-09-13 04:49:04.265,2025-09-12 17:15:25.425,2025-09-13 04:15:46.775
1603,17,2025-09-13 07:07:19.469,2025-09-12 17:15:25.425,2025-09-13 06:26:03.271
1604,19,2025-09-13 08:53:00.041,2025-09-12 16:05:00.125,2025-09-13 08:19:39.468
1605,17,2025-09-13 09:10:23.594,2025-09-12 17:15:25.425,2025-09-13 09:00:01.391
1606,19,2025-09-13 11:09:01.896,2025-09-12 16:05:00.125,2025-09-13 10:56:00.254
1607,17,2025-09-13 11:19:01.917,2025-09-12 17:15:25.425,2025-09-13 10:19:04.427
1608,17,2025-09-13 13:54:43.608,2025-09-12 17:15:25.425,2025-09-13 10:49:09.330
1609,19,2025-09-13 15:03:16.316,2025-09-12 16:04:57.936,2025-09-13 12:56:08.547
1610,17,2025-09-13 16:03:01.033,2025-09-12 17:15:25.425,2025-09-13 15:00:37.331
1611,19,2025-09-13 17:13:39.640,2025-09-13 16:09:24.524,2025-09-13 17:13:35.186
1612,19,2025-09-13 19:18:05.881,2025-09-13 16:09:24.524,2025-09-13 17:13:47.246
1613,17,2025-09-13 20:43:59.055,2025-09-13 17:15:33.124,2025-09-13 20:43:52.173
1614,19,2025-09-13 22:31:25.288,2025-09-13 16:09:24.524,2025-09-13 19:28:18.974
1615,17,2025-09-13 22:50:26.289,2025-09-13 17:15:33.124,2025-09-13 22:14:12.493
1616,19,2025-09-14 00:42:48.900,2025-09-13 16:09:24.524,2025-09-13 23:49:44.357
1617,17,2025-09-14 02:16:58.068,2025-09-13 17:15:33.124,2025-09-13 23:06:28.238
1618,19,2025-09-14 04:14:29.607,2025-09-13 16:09:24.524,2025-09-14 02:08:25.083
1619,17,2025-09-14 06:17:29.511,2025-09-13 17:15:33.124,2025-09-14 01:08:00.196
1620,19,2025-09-14 06:30:17.056,2025-09-13 16:09:24.524,2025-09-14 02:12:50.476
1621,17,2025-09-14 06:33:10.439,2025-09-13 12:13:03.063,2025-09-14 01:43:03.038
1622,19,2025-09-14 09:50:31.610,2025-09-13 16:09:24.524,2025-09-14 02:12:50.476
1623,17,2025-09-14 10:29:00.736,2025-09-13 17:15:33.124,2025-09-14 09:04:39.658
1624,17,2025-09-14 12:30:52.752,2025-09-13 17:15:33.124,2025-09-14 09:04:39.658
1625,17,2025-09-14 14:10:00.674,2025-09-13 12:13:03.063,2025-09-14 08:09:21.183
1626,17,2025-09-14 14:51:16.484,2025-09-13 17:15:33.124,2025-09-14 13:15:42.345
1627,17,2025-09-14 16:51:43.560,2025-09-13 17:15:33.124,2025-09-14 14:51:19.024
1628,19,2025-09-14 18:26:04.293,2025-09-13 16:09:24.524,2025-09-14 08:14:56.957
1629,17,2025-09-14 19:18:09.851,2025-09-14 17:15:41.207,2025-09-14 18:15:43.958
1630,8,2025-09-14 20:04:38.378,2025-08-25 21:05:48.376,2025-08-25 21:19:16.402
1631,19,2025-09-14 20:27:00.125,2025-09-14 16:12:01.022,2025-09-14 19:44:31.983
1632,17,2025-09-14 21:18:39.800,2025-09-14 17:15:41.207,2025-09-14 21:00:02.291
1633,19,2025-09-14 23:27:00.006,2025-09-14 16:12:01.022,2025-09-14 21:40:41.494
1634,17,2025-09-14 23:50:12.794,2025-09-14 17:15:41.207,2025-09-14 22:24:11.104
1635,19,2025-09-15 01:27:03.888,2025-09-14 16:11:58.854,2025-09-15 00:58:58.103
1636,17,2025-09-15 01:51:20.258,2025-09-14 17:15:41.207,2025-09-14 23:50:14.372
1637,19,2025-09-15 03:28:01.731,2025-09-14 16:11:58.854,2025-09-15 03:02:13.084
1638,17,2025-09-15 06:11:54.878,2025-09-14 17:15:41.207,2025-09-15 06:09:36.737
1639,19,2025-09-15 06:30:01.184,2025-09-14 16:11:58.854,2025-09-15 03:58:05.541
1640,17,2025-09-15 08:12:36.598,2025-09-14 17:15:41.207,2025-09-15 07:44:33.600
1641,19,2025-09-15 08:40:50.817,2025-09-14 16:11:58.854,2025-09-15 06:38:58.425
1642,17,2025-09-15 10:27:01.866,2025-09-14 17:15:38.739,2025-09-15 10:07:54.136
1643,19,2025-09-15 10:41:27.140,2025-09-14 16:11:58.854,2025-09-15 08:30:23.205
1644,20,2025-09-15 11:50:22.566,2025-09-12 19:00:01.170,2025-09-13 14:19:47.152
1645,17,2025-09-15 13:39:09.202,2025-09-14 17:15:38.739,2025-09-15 13:38:56.847
1646,19,2025-09-15 14:25:40.534,2025-09-14 16:11:58.854,2025-09-15 08:30:23.205
1647,19,2025-09-15 15:01:24.429,2025-09-11 21:46:34.973,2025-09-12 15:06:53.059
1648,20,2025-09-15 15:12:28.740,2025-09-12 13:50:19.924,2025-09-12 18:29:20.097
1649,19,2025-09-15 16:36:17.592,2025-09-14 16:11:58.854,2025-09-15 15:52:04.945
1650,21,2025-09-15 16:44:46.302,2025-09-14 19:06:41.743,2025-09-15 16:26:59.754
1651,24,2025-09-15 17:05:51.241,2025-09-15 11:57:17.305,2025-09-15 16:41:43.095
1652,17,2025-09-15 18:06:01.233,2025-09-14 17:15:38.739,2025-09-15 16:14:57.127
1653,20,2025-09-15 18:37:51.688,2025-09-14 19:00:01.386,2025-09-15 17:13:58.627
1654,19,2025-09-15 18:40:47.878,2025-09-15 16:12:18.565,2025-09-15 18:00:15.194
1655,21,2025-09-15 20:12:07.020,2025-09-14 19:06:41.743,2025-09-15 16:59:11.296
1656,20,2025-09-15 20:43:59.038,2025-09-14 19:00:01.386,2025-09-15 18:37:48.595
1657,19,2025-09-15 21:53:12.195,2025-09-15 16:12:18.565,2025-09-15 19:18:52.734
1658,17,2025-09-15 22:36:02.440,2025-09-15 17:15:47.418,2025-09-15 22:11:39.645
1659,17,2025-09-16 00:59:24.489,2025-09-15 17:15:47.418,2025-09-16 00:15:50.091
1660,19,2025-09-16 01:54:10.777,2025-09-15 16:12:18.565,2025-09-15 21:53:09.274
1661,17,2025-09-16 03:14:21.727,2025-09-15 17:15:47.418,2025-09-16 00:15:50.091
1662,17,2025-09-16 05:15:57.726,2025-09-15 17:15:47.418,2025-09-16 03:14:49.156
1663,21,2025-09-16 07:24:47.599,2025-09-15 20:10:47.015,2025-09-15 20:30:47.888
1664,17,2025-09-16 07:37:10.375,2025-09-15 17:15:47.418,2025-09-16 07:12:15.961
1665,19,2025-09-16 08:02:47.950,2025-09-15 16:12:18.565,2025-09-15 22:54:18.704
1666,20,2025-09-16 08:25:50.100,2025-09-15 18:59:57.017,2025-09-16 04:24:01.453
1667,20,2025-09-16 09:15:49.039,2025-09-15 14:58:44.617,2025-09-16 14:58:44.616
1668,17,2025-09-16 09:40:14.279,2025-09-15 17:15:47.418,2025-09-16 09:00:51.580
1669,20,2025-09-16 10:51:15.473,2025-09-15 18:59:57.017,2025-09-16 09:26:44.307
1670,20,2025-09-16 11:19:08.257,2025-09-16 08:12:40.296,2025-09-17 08:12:40.295
1671,24,2025-09-16 12:08:19.108,2025-09-16 04:31:10.851,2025-09-16 11:49:40.076
1672,20,2025-09-16 13:10:56.468,2025-09-15 18:59:57.017,2025-09-16 12:36:37.751
1673,17,2025-09-16 13:13:10.225,2025-09-15 17:15:47.418,2025-09-16 09:00:51.580
1674,19,2025-09-16 13:55:37.174,2025-09-15 16:12:18.565,2025-09-15 22:54:18.704
1675,24,2025-09-16 14:26:42.781,2025-09-16 06:32:19.442,2025-09-16 13:56:45.956
1676,20,2025-09-16 15:22:12.780,2025-09-15 18:59:57.017,2025-09-16 15:17:04.386
1677,19,2025-09-16 15:56:08.488,2025-09-15 16:12:18.565,2025-09-16 15:34:47.765
1678,17,2025-09-16 16:16:21.676,2025-09-15 17:15:47.418,2025-09-16 16:07:26.694
1679,20,2025-09-16 17:59:19.877,2025-09-15 18:59:57.017,2025-09-16 16:30:58.372
1680,19,2025-09-16 18:12:06.638,2025-09-16 16:12:38.689,2025-09-16 17:31:51.739
1681,17,2025-09-16 18:21:04.881,2025-09-15 17:15:47.418,2025-09-16 16:07:26.694
1682,21,2025-09-16 19:15:02.014,2025-09-16 11:27:50.024,2025-09-16 13:33:41.458
1683,20,2025-09-16 20:19:30.000,2025-09-15 18:59:57.017,2025-09-16 18:45:03.112
1684,19,2025-09-16 21:18:29.954,2025-09-16 16:12:38.689,2025-09-16 19:13:26.769
1685,17,2025-09-16 22:45:35.603,2025-09-16 17:15:56.113,2025-09-16 22:45:18.771
1686,17,2025-09-17 01:17:50.814,2025-09-16 17:15:56.113,2025-09-16 23:12:18.004
1687,17,2025-09-17 03:18:46.019,2025-09-16 17:15:56.113,2025-09-16 23:12:18.004
1688,20,2025-09-17 04:24:20.164,2025-09-16 19:00:01.398,2025-09-17 04:23:54.897
1689,20,2025-09-17 08:24:42.549,2025-09-16 19:00:01.398,2025-09-17 08:23:51.912
1690,17,2025-09-17 09:09:01.239,2025-09-16 17:15:56.113,2025-09-16 23:12:18.004
1691,21,2025-09-17 09:09:37.044,2025-09-16 16:52:33.071,2025-09-16 19:58:24.907
1692,17,2025-09-17 11:16:03.925,2025-09-16 17:15:56.113,2025-09-17 07:22:30.746
1693,20,2025-09-17 11:18:58.855,2025-09-16 19:00:01.398,2025-09-17 11:09:29.820
1694,19,2025-09-17 12:38:26.237,2025-09-16 16:12:35.458,2025-09-17 12:33:13.779
1695,21,2025-09-17 13:30:21.229,2025-09-17 05:33:58.273,2025-09-17 10:19:50.722
1696,20,2025-09-17 14:27:34.488,2025-09-16 19:00:01.398,2025-09-17 13:13:20.088
1697,17,2025-09-17 14:33:45.942,2025-09-16 17:15:56.113,2025-09-17 14:22:26.886
1698,20,2025-09-17 15:43:33.746,2025-09-17 08:32:19.031,2025-09-18 08:32:19.030
1699,20,2025-09-17 16:49:08.399,2025-09-16 19:00:01.398,2025-09-17 15:37:40.093
1700,17,2025-09-17 16:51:19.416,2025-09-16 17:15:56.113,2025-09-17 16:51:17.580
1701,21,2025-09-17 17:07:33.621,2025-09-17 08:18:09.703,2025-09-17 14:44:02.447
1702,21,2025-09-17 19:07:34.422,2025-09-17 10:35:09.237,2025-09-17 19:01:02.680
1703,20,2025-09-17 19:17:06.047,2025-09-17 09:38:53.099,2025-09-17 16:47:54.400
1704,20,2025-09-17 20:37:45.152,2025-09-16 19:00:01.398,2025-09-17 18:31:22.732
1705,21,2025-09-17 21:07:35.152,2025-09-17 10:35:09.237,2025-09-17 21:01:03.286
1706,20,2025-09-17 23:05:15.217,2025-09-17 19:09:54.691,2025-09-17 21:50:44.517
1707,17,2025-09-18 01:13:18.468,2025-09-17 17:16:02.945,2025-09-18 01:13:16.121
1708,17,2025-09-18 03:52:41.577,2025-09-17 17:16:02.945,2025-09-18 03:43:32.157
1709,20,2025-09-18 04:35:46.833,2025-09-17 19:09:54.691,2025-09-18 02:29:15.787
1710,17,2025-09-18 05:53:11.872,2025-09-17 17:16:02.945,2025-09-18 04:05:10.230
1711,17,2025-09-18 08:03:01.865,2025-09-17 17:16:02.945,2025-09-18 07:11:26.014
1712,20,2025-09-18 08:10:30.191,2025-09-17 19:09:54.691,2025-09-18 04:35:15.474
1713,17,2025-09-18 10:03:04.028,2025-09-17 17:16:02.945,2025-09-18 09:04:53.853
1714,19,2025-09-18 10:09:10.196,2025-09-16 16:12:35.458,2025-09-17 13:14:26.459
1715,20,2025-09-18 10:10:31.944,2025-09-17 19:09:54.691,2025-09-18 10:10:02.857
1716,17,2025-09-18 12:05:58.584,2025-09-17 17:16:02.945,2025-09-18 12:03:07.926
1717,20,2025-09-18 12:49:06.123,2025-09-17 19:09:54.691,2025-09-18 11:38:12.954
1718,19,2025-09-18 13:39:22.165,2025-09-17 16:14:44.494,2025-09-18 10:29:20.064
1719,21,2025-09-18 13:44:44.075,2025-09-18 13:43:26.206,2025-09-18 13:43:58.988
1720,17,2025-09-18 14:23:59.082,2025-09-17 17:16:02.945,2025-09-18 14:02:57.840
1721,17,2025-09-18 16:38:02.024,2025-09-17 17:16:02.945,2025-09-18 16:19:38.807
1722,17,2025-09-18 16:38:04.008,2025-09-17 17:16:02.945,2025-09-18 16:19:38.807
1723,19,2025-09-18 17:50:07.036,2025-09-17 16:14:44.494,2025-09-18 10:29:20.064
1724,17,2025-09-18 19:38:56.694,2025-09-18 17:17:16.177,2025-09-18 18:00:01.287
1725,20,2025-09-18 20:02:17.387,2025-09-17 19:09:54.691,2025-09-18 17:15:11.396
1726,17,2025-09-18 21:39:43.116,2025-09-18 17:17:16.177,2025-09-18 18:00:01.287
1727,20,2025-09-18 22:25:16.401,2025-09-18 19:10:57.789,2025-09-18 21:12:28.535
1728,20,2025-09-19 00:25:54.239,2025-09-18 19:10:57.789,2025-09-18 22:25:00.558
1729,17,2025-09-19 01:40:13.073,2025-09-18 17:17:16.177,2025-09-18 21:00:00.802
1730,17,2025-09-19 03:43:36.919,2025-09-18 17:17:16.177,2025-09-19 03:16:05.119
1731,20,2025-09-19 04:26:27.896,2025-09-18 19:10:57.789,2025-09-19 04:26:03.460
1732,17,2025-09-19 07:31:35.154,2025-09-18 17:17:16.177,2025-09-19 04:28:15.179
1733,20,2025-09-19 10:27:26.035,2025-09-18 19:10:57.789,2025-09-19 10:26:34.226
1734,17,2025-09-19 11:32:05.711,2025-09-18 17:17:16.177,2025-09-19 07:31:34.589
1735,17,2025-09-19 15:44:17.585,2025-09-18 17:17:16.177,2025-09-19 15:44:06.701
1736,20,2025-09-19 15:55:10.689,2025-09-18 19:10:57.789,2025-09-19 12:15:37.176
1737,17,2025-09-19 18:03:43.668,2025-09-19 17:18:30.826,2025-09-19 17:44:05.155
1738,17,2025-09-19 20:14:28.481,2025-09-19 17:18:28.245,2025-09-19 19:39:48.937
1739,17,2025-09-19 22:22:21.052,2025-09-19 17:18:28.245,2025-09-19 21:34:56.794
1740,20,2025-09-19 22:29:11.661,2025-09-18 19:10:57.789,2025-09-19 17:40:13.037
1741,17,2025-09-20 01:23:15.567,2025-09-19 17:18:28.245,2025-09-19 23:22:27.331
1742,17,2025-09-20 04:58:09.871,2025-09-19 17:18:28.245,2025-09-20 01:17:36.970
1743,17,2025-09-20 07:00:30.719,2025-09-19 17:18:28.245,2025-09-20 06:13:23.970
1744,17,2025-09-20 10:14:32.068,2025-09-19 17:18:28.245,2025-09-20 09:00:01.475
1745,17,2025-09-20 12:31:23.849,2025-09-19 17:18:28.245,2025-09-20 12:22:01.549
1746,17,2025-09-20 14:37:14.420,2025-09-19 17:18:28.245,2025-09-20 13:30:40.592
1747,21,2025-09-20 14:44:08.335,2025-09-18 13:43:26.206,2025-09-18 15:03:16.853
1748,17,2025-09-20 16:53:19.152,2025-09-19 17:18:28.245,2025-09-20 16:31:05.419
1749,17,2025-09-20 20:06:18.947,2025-09-20 17:24:26.534,2025-09-20 18:14:28.052
1750,17,2025-09-20 22:13:01.802,2025-09-20 17:24:26.534,2025-09-20 20:16:41.172
1751,17,2025-09-21 00:13:45.667,2025-09-20 17:24:26.534,2025-09-20 22:13:03.522
1752,17,2025-09-21 06:41:19.193,2025-09-20 17:24:26.534,2025-09-21 06:10:20.496
1753,17,2025-09-21 10:13:38.522,2025-09-20 17:24:23.813,2025-09-21 09:03:10.508
1754,17,2025-09-21 14:14:09.191,2025-09-20 17:24:23.813,2025-09-21 13:48:54.673
1755,17,2025-09-21 16:16:09.806,2025-09-20 17:24:23.813,2025-09-21 15:22:54.566
1756,17,2025-09-21 18:38:24.110,2025-09-20 17:24:23.813,2025-09-21 17:24:23.812
1757,17,2025-09-21 23:15:11.769,2025-09-21 17:27:36.190,2025-09-21 22:14:55.947
1758,17,2025-09-22 01:15:56.587,2025-09-21 17:27:36.190,2025-09-22 01:15:52.651
1759,17,2025-09-22 06:30:01.482,2025-09-21 17:27:36.190,2025-09-22 06:11:40.124
1760,17,2025-09-22 08:44:21.471,2025-09-21 17:27:36.190,2025-09-22 07:58:50.553
1761,17,2025-09-22 11:10:08.877,2025-09-21 17:27:36.190,2025-09-22 10:08:53.540
1762,20,2025-09-22 12:52:44.936,2025-09-21 19:11:22.353,2025-09-22 12:50:31.512
1763,17,2025-09-22 13:16:22.095,2025-09-21 17:27:36.190,2025-09-22 13:08:37.460
1764,20,2025-09-22 15:00:07.621,2025-09-21 19:11:22.353,2025-09-22 14:36:41.220
1765,17,2025-09-22 15:18:45.972,2025-09-21 17:27:36.190,2025-09-22 15:00:02.210
1766,20,2025-09-22 17:00:14.410,2025-09-21 19:11:22.353,2025-09-22 16:50:37.073
1767,17,2025-09-22 17:19:15.043,2025-09-21 17:27:36.190,2025-09-22 17:19:15.594
1768,20,2025-09-22 19:21:44.267,2025-09-21 19:11:22.353,2025-09-22 18:55:47.612
1769,20,2025-09-22 22:40:07.944,2025-09-21 19:11:22.353,2025-09-22 19:11:22.352
1770,23,2025-09-22 23:40:30.299,2025-09-22 23:39:36.853,2025-09-22 23:40:18.896
1771,17,2025-09-23 03:43:36.685,2025-09-22 17:29:22.934,2025-09-23 03:43:30.767
1772,17,2025-09-23 06:30:01.693,2025-09-22 17:29:22.934,2025-09-23 04:00:01.802
1773,17,2025-09-23 09:00:05.017,2025-09-22 17:29:22.934,2025-09-23 08:19:02.186
1774,21,2025-09-23 13:25:07.651,2025-09-20 13:09:44.840,2025-09-20 15:16:48.826
1775,20,2025-09-23 13:35:12.833,2025-09-17 11:49:57.607,2025-09-18 11:49:57.606
1776,23,2025-09-23 13:44:43.409,2025-09-22 23:39:36.853,2025-09-22 23:47:35.361
1777,21,2025-09-23 15:46:39.057,2025-09-23 11:03:38.588,2025-09-24 11:03:38.587
1778,23,2025-09-23 19:10:56.013,2025-09-23 18:04:50.068,2025-09-23 19:03:56.285
1779,20,2025-09-24 11:58:25.166,2025-09-23 12:14:22.622,2025-09-24 12:14:22.621
1780,23,2025-09-24 16:35:10.653,2025-09-24 07:10:44.937,2025-09-24 10:25:03.461
1781,21,2025-09-24 16:38:47.165,2025-09-24 16:37:00.950,2025-09-24 16:38:34.418
1782,20,2025-09-24 16:39:27.768,2025-09-24 16:13:30.613,2025-09-24 16:38:20.843
1783,20,2025-09-24 17:40:39.772,2025-09-23 19:32:32.399,2025-09-24 15:53:16.186
1784,20,2025-09-24 19:41:19.572,2025-09-23 19:32:32.399,2025-09-24 19:04:27.264
1785,20,2025-09-24 19:41:20.873,2025-09-23 19:32:32.399,2025-09-24 19:24:35.275
1786,20,2025-09-24 23:27:19.875,2025-09-24 19:32:57.187,2025-09-24 23:27:18.730
1787,20,2025-09-25 02:42:19.425,2025-09-24 19:32:57.187,2025-09-25 00:41:00.947
1788,20,2025-09-25 06:30:28.713,2025-09-24 19:32:57.187,2025-09-25 02:36:49.784
1789,20,2025-09-25 10:02:04.645,2025-09-24 19:32:57.187,2025-09-25 10:00:01.178
1790,20,2025-09-25 12:43:06.870,2025-09-24 19:32:57.187,2025-09-25 11:42:49.418
1791,20,2025-09-25 16:24:03.799,2025-09-24 19:32:57.187,2025-09-25 15:53:22.241
1792,20,2025-09-26 10:54:19.285,2025-09-24 19:32:57.187,2025-09-25 17:51:44.017
